event_id,organizer_name,category,place,posted_datetime,event_start_datetime,event_end_datetime,price_syp,capacity,attendance,attendance_rate,day_of_week,is_weekend_syria,start_hour,days_before_event_posted,duration_hours
E0412,Syrian EDS,Camping,Lattakia,2025-11-28 20:15:25,2025-12-19 14:00:00,2025-12-26 14:00:00,320000,220,220,1.0,4,1,14,20.73929398148148,168.0
E0371,Syrian EDS,Camping,Lattakia,2025-01-12 19:00:51,2025-02-01 20:00:00,2025-02-06 20:00:00,335000,170,165,0.9705882352941176,5,1,20,20.04107638888889,120.0
E0446,Syrian EDS,Camping,Homs,2024-10-12 23:30:43,2024-11-08 19:00:00,2024-11-12 19:00:00,225000,150,146,0.9733333333333334,4,1,19,26.812002314814816,96.0
E0130,Syrian EDS,Camping,Lattakia,2025-10-21 10:15:47,2025-11-08 16:30:00,2025-11-11 16:30:00,120000,230,228,0.991304347826087,5,1,16,18.259872685185186,72.0
E0194,Syrian EDS,Camping,Lattakia,2024-02-06 15:45:46,2024-03-01 21:30:00,2024-03-03 21:30:00,300000,210,194,0.9238095238095239,4,1,21,24.239050925925927,48.0
E0294,Syrian EDS,Camping,Homs,2025-05-03 20:15:38,2025-05-29 21:30:00,2025-06-01 21:30:00,235000,230,205,0.8913043478260869,3,0,21,26.051643518518517,72.0
E0165,Syrian EDS,Camping,Lattakia,2025-07-23 12:25:53,2025-08-14 19:00:00,2025-08-19 19:00:00,215000,150,125,0.8333333333333334,3,0,19,22.27369212962963,120.0
E0305,Syrian EDS,Camping,Homs,2025-06-20 20:30:03,2025-07-10 18:30:00,2025-07-12 18:30:00,200000,180,169,0.9388888888888889,3,0,18,19.916631944444443,48.0
E0021,Syrian EDS,Camping,Tartus,2023-12-22 20:10:04,2024-01-12 16:00:00,2024-01-17 16:00:00,150000,150,150,1.0,4,1,16,20.826342592592592,120.0
E0271,Syrian EDS,Camping,Tartus,2024-05-28 21:35:58,2024-06-14 13:30:00,2024-06-16 13:30:00,260000,160,95,0.59375,4,1,13,16.662523148148146,48.0
E0140,Syrian EDS,Camping,Lattakia,2024-09-15 11:20:29,2024-10-04 19:30:00,2024-10-08 19:30:00,220000,240,219,0.9125,4,1,19,19.33994212962963,96.0
E0085,Syrian EDS,Camping,Homs,2024-01-31 11:30:02,2024-02-24 19:30:00,2024-03-02 19:30:00,160000,190,181,0.9526315789473684,5,1,19,24.333310185185184,168.0
E0491,Syrian EDS,Camping,Homs,2024-08-28 20:50:24,2024-09-20 18:00:00,2024-09-23 18:00:00,245000,150,145,0.9666666666666667,4,1,18,22.881666666666668,72.0
E0050,Syrian EDS,Camping,Homs,2025-11-12 15:20:19,2025-12-04 19:00:00,2025-12-06 19:00:00,195000,90,89,0.9888888888888889,3,0,19,22.15255787037037,48.0
E0455,Syrian EDS,Camping,Tartus,2025-12-04 11:00:41,2025-12-26 16:30:00,2025-12-30 16:30:00,295000,200,184,0.92,4,1,16,22.22869212962963,96.0
E0037,Syrian EDS,Camping,Tartus,2024-01-10 12:30:28,2024-02-03 21:30:00,2024-02-08 21:30:00,155000,170,169,0.9941176470588236,5,1,21,24.374675925925924,120.0
E0331,Syrian EDS,Camping,Lattakia,2024-08-09 16:40:37,2024-08-30 15:30:00,2024-09-06 15:30:00,240000,250,169,0.676,4,1,15,20.950960648148147,168.0
E0321,Syrian EDS,Camping,Tartus,2024-06-05 14:40:42,2024-06-29 20:00:00,2024-07-03 20:00:00,245000,170,170,1.0,5,1,20,24.22173611111111,96.0
E0168,Syrian EDS,Camping,Lattakia,2024-03-15 20:15:53,2024-04-05 15:00:00,2024-04-11 15:00:00,160000,200,185,0.925,4,1,15,20.780636574074073,144.0
E0481,Syrian EDS,Camping,Lattakia,2025-04-04 19:00:17,2025-04-24 18:30:00,2025-04-29 18:30:00,230000,220,186,0.8454545454545455,3,0,18,19.978969907407407,120.0
E0151,Syrian EDS,Camping,Tartus,2025-03-12 11:00:47,2025-03-29 18:00:00,2025-04-05 18:00:00,155000,230,181,0.7869565217391304,5,1,18,17.291122685185186,168.0
E0092,Syrian EDS,Camping,Homs,2025-05-20 19:30:47,2025-06-07 20:00:00,2025-06-12 20:00:00,135000,210,206,0.9809523809523809,5,1,20,18.02028935185185,120.0
E0156,Syrian EDS,Camping,Tartus,2025-01-10 20:20:30,2025-01-30 16:30:00,2025-02-02 16:30:00,300000,260,124,0.47692307692307695,3,0,16,19.839930555555554,72.0
E0210,Syrian EDS,Camping,Tartus,2024-05-05 10:00:34,2024-05-25 17:00:00,2024-05-28 17:00:00,125000,220,141,0.6409090909090909,5,1,17,20.291273148148147,72.0
E0413,Syrian EDS,Camping,Lattakia,2024-10-27 19:20:51,2024-11-16 15:30:00,2024-11-18 15:30:00,140000,90,86,0.9555555555555556,5,1,15,19.8396875,48.0
E0200,Syrian EDS,Camping,Lattakia,2025-09-09 20:30:33,2025-10-02 15:00:00,2025-10-06 15:00:00,215000,190,163,0.8578947368421053,3,0,15,22.77045138888889,96.0
E0116,Syrian EDS,Camping,Homs,2025-10-29 18:25:47,2025-11-21 21:00:00,2025-11-24 21:00:00,200000,230,198,0.8608695652173913,4,1,21,23.107094907407408,72.0
E0003,Syrian EDS,Camping,Lattakia,2024-11-04 09:15:18,2024-11-23 17:30:00,2024-11-27 17:30:00,210000,170,90,0.5294117647058824,5,1,17,19.343541666666667,96.0
E0430,Syrian EDS,Camping,Homs,2025-03-12 12:15:59,2025-04-03 21:30:00,2025-04-09 21:30:00,150000,260,233,0.8961538461538462,3,0,21,22.384733796296295,144.0
E0211,Syrian EDS,Camping,Lattakia,2024-11-05 12:00:51,2024-11-22 17:30:00,2024-11-29 17:30:00,295000,230,230,1.0,4,1,17,17.22857638888889,168.0
E0328,Syrian EDS,Camping,Tartus,2025-11-05 14:05:26,2025-11-28 15:30:00,2025-12-04 15:30:00,110000,180,178,0.9888888888888889,4,1,15,23.05872685185185,144.0
E0046,Syrian EDS,Camping,Tartus,2025-08-08 18:35:39,2025-08-28 19:30:00,2025-08-31 19:30:00,240000,200,141,0.705,3,0,19,20.037743055555556,72.0
E0261,Syrian EDS,Camping,Tartus,2025-10-04 19:15:25,2025-10-24 20:30:00,2025-10-30 20:30:00,130000,160,149,0.93125,4,1,20,20.05179398148148,144.0
E0332,Syrian EDS,Camping,Homs,2025-07-28 11:00:48,2025-08-22 21:30:00,2025-08-29 21:30:00,150000,210,209,0.9952380952380953,4,1,21,25.436944444444446,168.0
E0004,Syrian EDS,Camping,Lattakia,2025-09-01 10:30:41,2025-09-20 17:00:00,2025-09-26 17:00:00,310000,200,178,0.89,5,1,17,19.270358796296296,144.0
E0170,Syrian EDS,Camping,Homs,2025-01-14 11:20:27,2025-02-06 20:00:00,2025-02-08 20:00:00,145000,210,130,0.6190476190476191,3,0,20,23.36079861111111,48.0
E0016,Syrian EDS,Camping,Lattakia,2024-08-11 11:30:29,2024-08-31 18:30:00,2024-09-02 18:30:00,130000,190,169,0.8894736842105263,5,1,18,20.29133101851852,48.0
E0369,Syrian EDS,Camping,Homs,2025-02-11 15:05:26,2025-03-01 18:00:00,2025-03-07 18:00:00,105000,230,168,0.7304347826086957,5,1,18,18.12122685185185,144.0
E0329,Syrian EDS,Camping,Lattakia,2025-03-21 18:10:57,2025-04-12 21:30:00,2025-04-19 21:30:00,200000,190,177,0.9315789473684211,5,1,21,22.138229166666665,168.0
E0174,Syrian EDS,Camping,Tartus,2024-12-01 10:50:05,2024-12-20 16:30:00,2024-12-25 16:30:00,155000,200,200,1.0,4,1,16,19.23605324074074,120.0
E0389,Syrian EDS,Camping,Lattakia,2024-08-29 21:30:27,2024-09-19 16:30:00,2024-09-21 16:30:00,300000,240,159,0.6625,3,0,16,20.791354166666668,48.0
E0096,Syrian EDS,Camping,Lattakia,2025-03-09 23:35:15,2025-03-28 18:00:00,2025-03-30 18:00:00,170000,180,168,0.9333333333333333,4,1,18,18.7671875,48.0
E0172,Syrian EDS,Camping,Tartus,2024-07-18 19:15:44,2024-08-08 19:00:00,2024-08-15 19:00:00,155000,180,172,0.9555555555555556,3,0,19,20.989074074074075,168.0
E0167,Syrian EDS,Camping,Tartus,2024-05-22 10:45:16,2024-06-15 15:30:00,2024-06-19 15:30:00,140000,200,144,0.72,5,1,15,24.197731481481483,96.0
E0492,Syrian EDS,Camping,Lattakia,2023-12-13 16:00:43,2024-01-04 19:00:00,2024-01-08 19:00:00,140000,210,209,0.9952380952380953,3,0,19,22.124502314814816,96.0
E0169,Syrian EDS,Camping,Tartus,2025-04-18 18:00:18,2025-05-09 21:30:00,2025-05-14 21:30:00,140000,210,210,1.0,4,1,21,21.145625,120.0
E0052,Syrian EDS,Camping,Homs,2025-04-21 21:30:29,2025-05-09 17:30:00,2025-05-15 17:30:00,180000,110,104,0.9454545454545454,4,1,17,17.832997685185184,144.0
E0390,Syrian EDS,Camping,Tartus,2025-05-04 16:30:43,2025-05-24 21:30:00,2025-05-27 21:30:00,235000,200,199,0.995,5,1,21,20.207835648148148,72.0
E0147,Syrian EDS,Camping,Homs,2025-04-20 18:30:37,2025-05-10 17:30:00,2025-05-13 17:30:00,230000,180,177,0.9833333333333333,5,1,17,19.957905092592593,72.0
E0228,Syrian EDS,Camping,Tartus,2025-05-23 16:00:05,2025-06-14 15:00:00,2025-06-20 15:00:00,190000,140,140,1.0,5,1,15,21.958275462962963,144.0
E0336,Syrian EDS,Camping,Homs,2024-01-12 17:10:39,2024-02-02 17:30:00,2024-02-04 17:30:00,120000,250,247,0.988,4,1,17,21.0134375,48.0
E0005,Styria,Comedy,Mazzeh,2024-12-14 10:30:08,2024-12-16 13:00:00,2024-12-16 17:00:00,50000,60,38,0.6333333333333333,0,0,13,2.104074074074074,4.0
E0060,Styria,Comedy,Mazzeh,2025-11-09 11:45:59,2025-11-09 16:30:00,2025-11-09 20:00:00,50000,60,39,0.65,6,0,16,0.1972337962962963,3.5
E0299,Styria,Comedy,rawdah,2024-10-04 15:30:34,2024-10-04 17:00:00,2024-10-04 20:00:00,50000,60,31,0.5166666666666667,4,1,17,0.062106481481481485,3.0
E0133,Styria,Comedy,jesr abiad,2024-03-12 08:50:25,2024-03-12 13:00:00,2024-03-12 19:00:00,50000,50,30,0.6,1,0,13,0.17332175925925927,6.0
E0175,Styria,Comedy,midan,2025-05-21 20:00:28,2025-05-23 20:00:00,2025-05-24 00:30:00,50000,60,38,0.6333333333333333,4,1,20,1.999675925925926,4.5
E0434,Styria,Comedy,rawdah,2024-02-22 17:20:26,2024-02-26 15:30:00,2024-02-26 19:30:00,50000,60,60,1.0,0,0,15,3.9233101851851853,4.0
E0339,Styria,Comedy,jesr abiad,2025-05-04 18:20:56,2025-05-06 19:30:00,2025-05-06 22:30:00,50000,60,33,0.55,1,0,19,2.0479629629629628,3.0
E0207,Styria,Comedy,Mazzeh,2025-02-15 14:10:32,2025-02-20 16:00:00,2025-02-20 21:00:00,50000,60,46,0.7666666666666667,3,0,16,5.076018518518518,5.0
E0416,Styria,Comedy,rawdah,2025-05-07 16:00:31,2025-05-13 13:30:00,2025-05-13 17:30:00,50000,40,38,0.95,1,0,13,5.895474537037037,4.0
E0125,Styria,Comedy,rawdah,2024-08-23 20:45:32,2024-08-24 19:00:00,2024-08-24 23:30:00,50000,60,29,0.48333333333333334,5,1,19,0.926712962962963,4.5
E0480,Styria,Comedy,midan,2025-01-05 18:00:08,2025-01-06 20:30:00,2025-01-07 00:30:00,50000,50,27,0.54,0,0,20,1.104074074074074,4.0
E0038,Styria,Comedy,Mazzeh,2025-09-24 19:05:14,2025-09-26 18:00:00,2025-09-26 22:30:00,50000,70,56,0.8,4,1,18,1.9546990740740742,4.5
E0326,Styria,Comedy,Mazraa,2025-02-13 19:30:39,2025-02-17 15:00:00,2025-02-17 21:00:00,50000,60,43,0.7166666666666667,0,0,15,3.812048611111111,6.0
E0254,Styria,Comedy,Mazzeh,2025-08-27 10:45:58,2025-08-28 14:00:00,2025-08-28 19:30:00,50000,40,25,0.625,3,0,14,1.1347453703703703,5.5
E0099,Styria,Comedy,Mazzeh,2025-09-24 09:25:13,2025-09-24 15:30:00,2025-09-24 20:30:00,50000,60,42,0.7,2,0,15,0.25332175925925926,5.0
E0159,Styria,Comedy,Kafarsoseh,2024-08-30 15:40:27,2024-09-03 19:30:00,2024-09-03 22:30:00,50000,50,46,0.92,1,0,19,4.159409722222223,3.0
E0072,Styria,Comedy,jesr abiad,2025-06-19 14:50:48,2025-06-20 15:30:00,2025-06-20 20:00:00,50000,60,17,0.2833333333333333,4,1,15,1.0272222222222223,4.5
E0058,Styria,Comedy,Mazraa,2024-02-29 14:20:54,2024-03-04 18:30:00,2024-03-04 23:30:00,50000,50,50,1.0,0,0,18,4.172986111111111,5.0
E0366,Styria,Comedy,abu rummaneh,2024-12-01 22:00:15,2024-12-08 13:30:00,2024-12-08 17:00:00,50000,50,48,0.96,6,0,13,6.645659722222222,3.5
E0212,Styria,Comedy,muhajreen,2024-11-19 09:15:58,2024-11-23 21:30:00,2024-11-24 02:30:00,50000,60,50,0.8333333333333334,5,1,21,4.5097453703703705,5.0
E0425,Styria,Comedy,Mazraa,2024-03-28 21:30:59,2024-03-29 17:00:00,2024-03-29 21:30:00,50000,70,23,0.32857142857142857,4,1,17,0.8118171296296296,4.5
E0420,Styria,Comedy,Malki,2024-07-20 21:45:06,2024-07-21 16:00:00,2024-07-21 19:30:00,50000,50,25,0.5,6,0,16,0.7603472222222222,3.5
E0456,Styria,Comedy,abu rummaneh,2024-08-12 14:35:31,2024-08-12 17:00:00,2024-08-12 21:30:00,50000,70,35,0.5,0,0,17,0.10033564814814815,4.5
E0145,Styria,Comedy,old Damascus,2025-05-02 16:00:00,2025-05-02 16:30:00,2025-05-02 21:30:00,50000,30,28,0.9333333333333333,4,1,16,0.020833333333333332,5.0
E0120,Styria,Comedy,muhajreen,2025-11-14 20:05:05,2025-11-15 21:30:00,2025-11-16 02:00:00,50000,50,24,0.48,5,1,21,1.0589699074074075,4.5
E0148,Styria,Comedy,Mazraa,2024-11-14 16:30:00,2024-11-14 17:00:00,2024-11-14 20:30:00,50000,50,26,0.52,3,0,17,0.020833333333333332,3.5
E0193,Styria,Comedy,old Damascus,2023-12-31 20:00:07,2024-01-04 18:00:00,2024-01-04 23:30:00,50000,60,59,0.9833333333333333,3,0,18,3.916585648148148,5.5
E0273,Styria,Comedy,Malki,2024-05-26 11:30:43,2024-05-29 17:30:00,2024-05-29 22:30:00,50000,60,50,0.8333333333333334,2,0,17,3.2495023148148148,5.0
E0469,Styria,Comedy,Mazraa,2024-10-30 11:05:52,2024-10-31 16:30:00,2024-10-31 21:30:00,50000,70,24,0.34285714285714286,3,0,16,1.2250925925925926,5.0
E0427,Styria,Comedy,midan,2025-01-03 20:50:29,2025-01-06 17:30:00,2025-01-06 23:00:00,50000,60,59,0.9833333333333333,0,0,17,2.860775462962963,5.5
E0201,Styria,Comedy,midan,2025-09-08 10:00:30,2025-09-10 19:30:00,2025-09-11 00:30:00,50000,50,48,0.96,2,0,19,2.395486111111111,5.0
E0124,Styria,Comedy,Mazraa,2025-11-06 12:00:01,2025-11-09 16:00:00,2025-11-09 20:00:00,50000,60,40,0.6666666666666666,6,0,16,3.1666550925925927,4.0
E0287,Styria,Comedy,Malki,2025-03-01 10:20:40,2025-03-04 21:30:00,2025-03-05 02:30:00,50000,70,36,0.5142857142857142,1,0,21,3.464814814814815,5.0
E0432,Styria,Comedy,abu rummaneh,2025-03-16 19:30:25,2025-03-18 17:00:00,2025-03-18 21:00:00,50000,50,36,0.72,1,0,17,1.8955439814814814,4.0
E0340,Styria,Comedy,Malki,2025-07-05 20:30:11,2025-07-08 13:30:00,2025-07-08 17:30:00,50000,50,45,0.9,1,0,13,2.7082060185185184,4.0
E0248,Styria,Comedy,old Damascus,2025-06-11 20:00:26,2025-06-17 19:00:00,2025-06-17 22:00:00,50000,50,47,0.94,1,0,19,5.958032407407408,3.0
E0353,Styria,Comedy,Malki,2025-10-18 13:30:00,2025-10-18 14:00:00,2025-10-18 19:30:00,50000,70,47,0.6714285714285714,5,1,14,0.020833333333333332,5.5
E0020,Styria,Comedy,jesr abiad,2025-07-15 14:20:30,2025-07-18 20:30:00,2025-07-19 02:00:00,50000,80,70,0.875,4,1,20,3.256597222222222,5.5
E0182,Styria,Comedy,old Damascus,2024-09-20 22:05:39,2024-09-22 16:30:00,2024-09-22 22:00:00,50000,50,43,0.86,6,0,16,1.7669097222222223,5.5
E0026,Styria,Comedy,jesr abiad,2024-11-24 15:00:00,2024-11-24 15:30:00,2024-11-24 19:00:00,50000,60,19,0.31666666666666665,6,0,15,0.020833333333333332,3.5
E0394,Styria,Comedy,old Damascus,2024-04-18 18:00:33,2024-04-25 13:00:00,2024-04-25 16:30:00,50000,70,53,0.7571428571428571,3,0,13,6.791284722222223,3.5
E0348,Styria,Comedy,muhajreen,2025-09-25 10:15:00,2025-09-26 19:00:00,2025-09-26 23:00:00,50000,80,31,0.3875,4,1,19,1.3645833333333333,4.0
E0333,Styria,Comedy,Mazzeh,2024-10-06 18:45:57,2024-10-08 14:30:00,2024-10-08 18:30:00,50000,60,39,0.65,1,0,14,1.8222569444444445,4.0
E0192,Styria,Comedy,midan,2025-07-02 20:20:38,2025-07-04 20:00:00,2025-07-05 01:00:00,50000,60,53,0.8833333333333333,4,1,20,1.9856712962962964,5.0
E0419,Styria,Comedy,jesr abiad,2025-10-10 08:00:47,2025-10-10 14:30:00,2025-10-10 19:00:00,50000,50,31,0.62,4,1,14,0.2702893518518519,4.5
E0121,Styria,Comedy,Malki,2024-03-21 20:35:27,2024-03-22 20:30:00,2024-03-23 01:30:00,50000,70,26,0.37142857142857144,4,1,20,0.9962152777777777,5.0
E0188,Styria,Comedy,rawdah,2025-05-30 17:30:13,2025-06-03 21:00:00,2025-06-04 01:00:00,50000,70,51,0.7285714285714285,1,0,21,4.14568287037037,4.0
E0164,Styria,Comedy,Mazraa,2025-04-03 21:30:17,2025-04-04 18:00:00,2025-04-04 23:00:00,50000,50,21,0.42,4,1,18,0.8539699074074074,5.0
E0487,Styria,Comedy,Kafarsoseh,2025-04-19 13:30:00,2025-04-19 14:00:00,2025-04-19 19:30:00,50000,70,47,0.6714285714285714,5,1,14,0.020833333333333332,5.5
E0180,Styria,Comedy,abu rummaneh,2024-12-08 15:00:00,2024-12-08 15:30:00,2024-12-08 19:30:00,50000,50,24,0.48,6,0,15,0.020833333333333332,4.0
E0090,Styria,Comedy,Mazzeh,2024-06-21 12:00:27,2024-06-23 19:00:00,2024-06-24 00:30:00,50000,70,36,0.5142857142857142,6,0,19,2.291354166666667,5.5
E0379,Styria,Comedy,jesr abiad,2024-09-24 20:40:57,2024-09-27 14:00:00,2024-09-27 20:00:00,50000,50,46,0.92,4,1,14,2.7215625,6.0
E0135,Styria,Comedy,rawdah,2025-09-07 09:30:06,2025-09-10 13:30:00,2025-09-10 18:30:00,50000,60,53,0.8833333333333333,2,0,13,3.1665972222222223,5.0
E0242,Styria,Comedy,abu rummaneh,2025-11-24 11:40:19,2025-11-26 14:00:00,2025-11-26 18:00:00,50000,60,49,0.8166666666666667,2,0,14,2.097002314814815,4.0
E0440,Styria,Comedy,abu rummaneh,2024-04-03 10:45:18,2024-04-03 19:30:00,2024-04-03 23:30:00,50000,50,17,0.34,2,0,19,0.364375,4.0
E0342,Styria,Comedy,Malki,2025-09-30 11:05:34,2025-10-02 21:00:00,2025-10-03 01:30:00,50000,40,35,0.875,3,0,21,2.412800925925926,4.5
E0418,Sanad,Community,jesr abiad,2025-07-14 10:00:09,2025-07-26 13:00:00,2025-07-26 19:30:00,0,170,169,0.9941176470588236,5,1,13,12.124895833333333,6.5
E0246,JCI,Community,Mazzeh,2025-01-18 09:00:49,2025-01-28 13:30:00,2025-01-28 18:30:00,85000,40,29,0.725,1,0,13,10.18693287037037,5.0
E0338,Sanad,Community,jesr abiad,2024-05-25 18:30:03,2024-05-31 17:30:00,2024-05-31 23:00:00,0,240,240,1.0,4,1,17,5.958298611111111,5.5
E0226,Sanad,Community,jesr abiad,2024-06-03 16:10:59,2024-06-12 18:00:00,2024-06-12 22:30:00,0,190,185,0.9736842105263158,2,0,18,9.075706018518519,4.5
E0215,Sanad,Community,jesr abiad,2024-12-18 21:40:30,2024-12-26 14:30:00,2024-12-26 20:30:00,0,200,190,0.95,3,0,14,7.701041666666667,6.0
E0189,JCI,Community,Mazzeh,2025-06-09 09:00:53,2025-06-18 20:00:00,2025-06-18 22:30:00,145000,70,48,0.6857142857142857,2,0,20,9.457719907407407,2.5
E0113,Sanad,Community,jesr abiad,2024-09-22 12:30:14,2024-09-28 13:00:00,2024-09-28 19:30:00,0,190,181,0.9526315789473684,5,1,13,6.020671296296296,6.5
E0402,Sanad,Community,jesr abiad,2025-02-08 16:00:00,2025-02-15 20:00:00,2025-02-16 03:30:00,0,170,164,0.9647058823529412,5,1,20,7.166666666666667,7.5
E0049,JCI,Community,Mazraa,2025-03-03 17:00:22,2025-03-10 18:30:00,2025-03-10 22:30:00,0,50,50,1.0,0,0,18,7.062245370370371,4.0
E0001,Sanad,Community,jesr abiad,2025-08-11 20:00:24,2025-08-20 21:00:00,2025-08-21 03:30:00,0,170,158,0.9294117647058824,2,0,21,9.04138888888889,6.5
E0093,JCI,Community,Mazzeh,2024-05-02 10:40:55,2024-05-09 21:30:00,2024-05-10 01:00:00,0,90,75,0.8333333333333334,3,0,21,7.450752314814815,3.5
E0157,Sanad,Community,jesr abiad,2024-03-23 21:55:19,2024-03-31 13:00:00,2024-03-31 17:00:00,0,180,163,0.9055555555555556,6,0,13,7.628252314814815,4.0
E0378,Sanad,Community,jesr abiad,2024-02-24 20:30:48,2024-03-04 20:30:00,2024-03-05 02:30:00,0,230,221,0.9608695652173913,0,0,20,8.999444444444444,6.0
E0163,JCI,Community,Mazraa,2024-10-26 20:00:49,2024-10-28 14:30:00,2024-10-28 18:00:00,140000,80,35,0.4375,0,0,14,1.7702662037037038,3.5
E0451,JCI,Community,Mazraa,2024-08-17 17:45:32,2024-08-23 16:00:00,2024-08-23 18:30:00,0,80,47,0.5875,4,1,16,5.926712962962963,2.5
E0028,JCI,Community,Mazraa,2025-05-06 16:15:41,2025-05-12 15:00:00,2025-05-12 18:30:00,105000,80,46,0.575,0,0,15,5.947442129629629,3.5
E0386,Sanad,Community,jesr abiad,2025-01-24 14:00:38,2025-01-29 14:30:00,2025-01-29 21:00:00,0,200,200,1.0,2,0,14,5.020393518518518,6.5
E0387,Sanad,Community,jesr abiad,2025-02-20 17:15:36,2025-02-25 15:00:00,2025-02-25 21:00:00,0,170,163,0.9588235294117647,1,0,15,4.905833333333334,6.0
E0075,JCI,Community,jesr abiad,2025-09-25 15:10:13,2025-09-28 17:30:00,2025-09-28 20:30:00,0,70,66,0.9428571428571428,6,0,17,3.097071759259259,3.0
E0158,Sanad,Community,jesr abiad,2024-01-25 15:15:10,2024-02-02 18:00:00,2024-02-03 01:00:00,0,210,210,1.0,4,1,18,8.114467592592593,7.0
E0256,JCI,Community,jesr abiad,2024-02-15 14:50:41,2024-02-17 17:30:00,2024-02-17 20:30:00,0,50,47,0.94,5,1,17,2.110636574074074,3.0
E0447,Sanad,Community,jesr abiad,2024-09-12 22:20:46,2024-09-26 13:00:00,2024-09-26 20:00:00,0,190,189,0.9947368421052631,3,0,13,13.610578703703704,7.0
E0128,JCI,Community,Mazraa,2025-09-13 17:40:19,2025-09-20 19:00:00,2025-09-20 21:30:00,65000,90,56,0.6222222222222222,5,1,19,7.055335648148148,2.5
E0208,JCI,Community,jesr abiad,2024-06-30 19:35:33,2024-07-07 18:30:00,2024-07-07 23:30:00,125000,70,27,0.38571428571428573,6,0,18,6.954479166666666,5.0
E0334,JCI,Community,jesr abiad,2025-06-14 18:05:31,2025-06-22 15:00:00,2025-06-22 18:00:00,0,50,48,0.96,6,0,15,7.871168981481482,3.0
E0083,Sanad,Community,jesr abiad,2024-03-28 19:00:35,2024-04-06 19:00:00,2024-04-06 23:00:00,0,170,170,1.0,5,1,19,8.999594907407408,4.0
E0202,JCI,Community,Mazzeh,2025-03-16 21:00:41,2025-03-25 18:30:00,2025-03-25 23:00:00,0,60,45,0.75,1,0,18,8.895358796296296,4.5
E0495,JCI,Community,Mazraa,2025-08-28 18:00:37,2025-09-04 20:00:00,2025-09-05 00:30:00,0,100,67,0.67,3,0,20,7.0829050925925925,4.5
E0045,Sanad,Community,jesr abiad,2025-03-07 10:45:43,2025-03-17 16:00:00,2025-03-18 00:00:00,0,250,227,0.908,0,0,16,10.218252314814816,8.0
E0376,JCI,Community,Mazraa,2025-04-26 10:50:10,2025-05-03 16:00:00,2025-05-03 19:30:00,75000,90,54,0.6,5,1,16,7.215162037037037,3.5
E0069,JCI,Community,Mazzeh,2025-07-14 18:35:48,2025-07-19 21:00:00,2025-07-20 01:30:00,80000,70,67,0.9571428571428572,5,1,21,5.100138888888889,4.5
E0230,JCI,Community,Mazraa,2025-11-18 20:50:05,2025-11-23 14:30:00,2025-11-23 19:00:00,0,90,54,0.6,6,0,14,4.73605324074074,4.5
E0431,Sanad,Community,jesr abiad,2025-08-18 18:00:15,2025-08-28 16:00:00,2025-08-28 21:00:00,0,170,163,0.9588235294117647,3,0,16,9.916493055555556,5.0
E0136,JCI,Community,Mazzeh,2024-06-17 18:00:07,2024-06-28 16:00:00,2024-06-28 19:00:00,0,60,58,0.9666666666666667,4,1,16,10.916585648148148,3.0
E0471,Sanad,Community,jesr abiad,2024-09-10 18:20:33,2024-09-20 18:00:00,2024-09-21 00:00:00,0,220,213,0.9681818181818181,4,1,18,9.985729166666667,6.0
E0036,Sanad,Community,jesr abiad,2025-01-04 17:30:55,2025-01-15 21:00:00,2025-01-16 03:00:00,0,210,195,0.9285714285714286,2,0,21,11.145196759259258,6.0
E0315,Sanad,Community,jesr abiad,2025-05-01 17:30:47,2025-05-08 15:30:00,2025-05-08 20:30:00,0,190,190,1.0,3,0,15,6.916122685185186,5.0
E0312,JCI,Community,Mazzeh,2024-02-19 22:00:47,2024-02-25 21:00:00,2024-02-26 00:00:00,135000,40,39,0.975,6,0,21,5.957789351851852,3.0
E0171,JCI,Community,jesr abiad,2024-06-22 10:30:07,2024-06-26 16:30:00,2024-06-26 18:30:00,0,80,33,0.4125,2,0,16,4.249918981481481,2.0
E0086,Sanad,Community,jesr abiad,2025-10-10 16:35:12,2025-10-16 14:30:00,2025-10-16 22:00:00,0,220,214,0.9727272727272728,3,0,14,5.913055555555555,7.5
E0233,Sanad,Community,jesr abiad,2024-06-14 15:45:40,2024-06-24 13:00:00,2024-06-24 20:30:00,0,200,194,0.97,0,0,13,9.884953703703705,7.5
E0166,Sanad,Community,jesr abiad,2025-10-26 20:05:47,2025-11-04 21:00:00,2025-11-05 03:00:00,0,180,172,0.9555555555555556,1,0,21,9.037650462962963,6.0
E0042,JCI,Community,jesr abiad,2024-02-15 14:00:21,2024-02-19 15:00:00,2024-02-19 19:00:00,90000,70,51,0.7285714285714285,0,0,15,4.041423611111111,4.0
E0489,JCI,Community,Mazzeh,2024-08-17 11:45:33,2024-08-23 13:00:00,2024-08-23 17:00:00,0,90,53,0.5888888888888889,4,1,13,6.051701388888889,4.0
E0132,JCI,Community,jesr abiad,2025-09-25 15:30:26,2025-10-01 20:30:00,2025-10-01 23:30:00,0,80,47,0.5875,2,0,20,6.208032407407408,3.0
E0100,JCI,Community,Mazraa,2025-10-28 18:45:21,2025-11-04 14:30:00,2025-11-04 17:30:00,125000,50,22,0.44,1,0,14,6.822673611111111,3.0
E0403,Sanad,Community,jesr abiad,2024-06-22 17:15:46,2024-07-01 18:30:00,2024-07-02 00:30:00,0,190,181,0.9526315789473684,0,0,18,9.051550925925927,6.0
E0122,JCI,Community,jesr abiad,2024-03-13 00:30:50,2024-03-15 20:00:00,2024-03-15 22:30:00,0,80,55,0.6875,4,1,20,2.8119212962962963,2.5
E0307,Sanad,Community,jesr abiad,2025-01-25 10:40:57,2025-01-31 21:00:00,2025-02-01 05:00:00,0,180,180,1.0,4,1,21,6.429895833333333,8.0
E0079,JCI,Community,jesr abiad,2025-09-22 18:00:28,2025-09-28 21:30:00,2025-09-28 23:30:00,0,60,34,0.5666666666666667,6,0,21,6.145509259259259,2.0
E0118,Sanad,Community,jesr abiad,2024-06-07 19:00:35,2024-06-15 15:00:00,2024-06-15 22:00:00,0,160,153,0.95625,5,1,15,7.832928240740741,7.0
E0025,Sanad,Community,jesr abiad,2025-11-07 16:40:25,2025-11-16 20:30:00,2025-11-17 03:00:00,0,180,170,0.9444444444444444,6,0,20,9.15943287037037,6.5
E0088,JCI,Community,Mazraa,2025-05-13 16:15:17,2025-05-21 20:30:00,2025-05-22 01:00:00,0,80,64,0.8,2,0,20,8.176886574074073,4.5
E0186,JCI,Community,Mazzeh,2024-08-17 14:45:44,2024-08-23 15:00:00,2024-08-23 17:30:00,0,90,60,0.6666666666666666,4,1,15,6.0099074074074075,2.5
E0044,Sanad,Community,jesr abiad,2025-09-07 10:55:46,2025-09-15 16:00:00,2025-09-15 20:30:00,0,230,222,0.9652173913043478,0,0,16,8.211273148148148,4.5
E0397,JCI,Community,Mazzeh,2024-10-18 21:05:46,2024-10-26 20:30:00,2024-10-27 00:00:00,0,80,58,0.725,5,1,20,7.975162037037037,3.5
E0041,JCI,Community,jesr abiad,2024-09-19 10:55:50,2024-09-28 16:00:00,2024-09-28 19:00:00,0,60,34,0.5666666666666667,5,1,16,9.211226851851851,3.0
E0309,JCI,Community,Mazraa,2025-09-23 19:30:37,2025-10-01 14:00:00,2025-10-01 18:00:00,95000,80,40,0.5,2,0,14,7.7704050925925925,4.0
E0176,JCI,Community,jesr abiad,2024-05-18 21:00:05,2024-05-26 14:30:00,2024-05-26 19:30:00,0,50,47,0.94,6,0,14,7.7291087962962965,5.0
E0448,Sanad,Community,jesr abiad,2025-07-03 12:00:51,2025-07-14 19:30:00,2025-07-15 02:30:00,0,230,223,0.9695652173913043,0,0,19,11.311909722222222,7.0
E0265,JCI,Community,Mazzeh,2025-03-12 11:45:46,2025-03-16 18:00:00,2025-03-16 20:30:00,0,90,75,0.8333333333333334,6,0,18,4.259884259259259,2.5
E0500,JCI,Community,Mazzeh,2025-06-25 19:00:00,2025-07-01 14:00:00,2025-07-01 16:00:00,150000,50,27,0.54,1,0,14,5.791666666666667,2.0
E0251,JCI,Community,Mazzeh,2025-10-20 09:30:00,2025-10-27 18:30:00,2025-10-27 20:30:00,145000,70,34,0.4857142857142857,0,0,18,7.375,2.0
E0214,JCI,Community,Mazraa,2025-10-14 20:00:17,2025-10-20 15:00:00,2025-10-20 18:30:00,0,80,77,0.9625,0,0,15,5.791469907407407,3.5
E0235,Sanad,Community,jesr abiad,2025-09-06 09:35:50,2025-09-09 16:00:00,2025-09-09 21:00:00,0,200,192,0.96,1,0,16,3.2667824074074074,5.0
E0325,JCI,Community,jesr abiad,2025-10-16 22:35:50,2025-10-23 17:30:00,2025-10-23 21:00:00,115000,50,49,0.98,3,0,17,6.7876157407407405,3.5
E0227,JCI,Community,Mazraa,2024-12-19 21:00:41,2024-12-25 16:30:00,2024-12-25 19:30:00,55000,80,46,0.575,2,0,16,5.812025462962963,3.0
E0327,JCI,Community,jesr abiad,2024-10-06 11:00:41,2024-10-15 17:30:00,2024-10-15 19:30:00,0,50,46,0.92,1,0,17,9.270358796296296,2.0
E0304,JCI,Community,jesr abiad,2024-08-26 20:30:30,2024-08-31 16:00:00,2024-08-31 20:00:00,0,80,63,0.7875,5,1,16,4.8121527777777775,4.0
E0496,JCI,Community,jesr abiad,2024-05-18 21:00:48,2024-05-28 13:30:00,2024-05-28 16:00:00,0,70,52,0.7428571428571429,1,0,13,9.686944444444444,2.5
E0178,Syrian Opera House,Concert,abu rummaneh,2024-07-27 11:05:44,2024-07-29 18:00:00,2024-07-29 20:30:00,20000,370,253,0.6837837837837838,0,0,18,2.287685185185185,2.5
E0297,Syrian Opera House,Concert,abu rummaneh,2025-04-28 19:55:44,2025-04-30 20:30:00,2025-05-01 00:00:00,20000,300,202,0.6733333333333333,2,0,20,2.0237962962962963,3.5
E0006,Syrian Opera House,Concert,abu rummaneh,2024-12-11 09:30:36,2024-12-11 17:30:00,2024-12-11 19:30:00,20000,220,162,0.7363636363636363,2,0,17,0.3329166666666667,2.0
E0468,Syrian Opera House,Concert,abu rummaneh,2025-08-10 09:45:27,2025-08-10 19:30:00,2025-08-10 21:30:00,20000,340,130,0.38235294117647056,6,0,19,0.4059375,2.0
E0222,Syrian Opera House,Concert,abu rummaneh,2025-10-16 11:00:42,2025-10-21 13:00:00,2025-10-21 15:30:00,20000,270,249,0.9222222222222223,1,0,13,5.082847222222222,2.5
E0185,Syrian Opera House,Concert,abu rummaneh,2024-12-02 11:55:35,2024-12-05 14:30:00,2024-12-05 17:30:00,20000,350,262,0.7485714285714286,3,0,14,3.1072337962962964,3.0
E0250,Syrian Opera House,Concert,abu rummaneh,2025-10-25 20:30:27,2025-10-28 21:30:00,2025-10-29 00:00:00,20000,300,192,0.64,1,0,21,3.041354166666667,2.5
E0011,Syrian Opera House,Concert,abu rummaneh,2024-10-22 18:00:14,2024-10-27 20:00:00,2024-10-27 23:30:00,20000,370,188,0.5081081081081081,6,0,20,5.083171296296296,3.5
E0429,Syrian Opera House,Concert,abu rummaneh,2024-09-12 14:30:56,2024-09-15 14:30:00,2024-09-15 18:00:00,20000,270,262,0.9703703703703703,6,0,14,2.999351851851852,3.5
E0097,Syrian Opera House,Concert,abu rummaneh,2024-03-31 19:30:26,2024-04-05 21:00:00,2024-04-06 01:00:00,20000,410,261,0.6365853658536585,4,1,21,5.062199074074074,4.0
E0023,Syrian Opera House,Concert,abu rummaneh,2024-04-15 11:20:56,2024-04-19 19:00:00,2024-04-19 23:00:00,20000,330,307,0.9303030303030303,4,1,19,4.318796296296297,4.0
E0225,Syrian Opera House,Concert,abu rummaneh,2024-08-26 16:20:07,2024-08-31 13:00:00,2024-08-31 15:30:00,20000,290,267,0.9206896551724137,5,1,13,4.861030092592593,2.5
E0272,Syrian Opera House,Concert,abu rummaneh,2025-01-18 10:05:07,2025-01-23 15:30:00,2025-01-23 18:00:00,20000,270,206,0.762962962962963,3,0,15,5.225613425925926,2.5
E0040,Syrian Opera House,Concert,abu rummaneh,2025-04-09 14:15:47,2025-04-12 21:30:00,2025-04-13 00:30:00,20000,280,231,0.825,5,1,21,3.3015393518518517,3.0
E0054,Syrian Opera House,Concert,abu rummaneh,2024-08-02 18:15:36,2024-08-07 20:30:00,2024-08-07 23:30:00,20000,280,236,0.8428571428571429,2,0,20,5.093333333333334,3.0
E0385,Syrian Opera House,Concert,abu rummaneh,2024-10-07 16:00:56,2024-10-11 21:00:00,2024-10-12 00:30:00,20000,320,241,0.753125,4,1,21,4.207685185185185,3.5
E0298,Syrian Opera House,Concert,abu rummaneh,2024-06-13 14:00:35,2024-06-14 19:00:00,2024-06-14 22:30:00,20000,330,137,0.41515151515151516,4,1,19,1.2079282407407408,3.5
E0406,Syrian Opera House,Concert,abu rummaneh,2024-04-30 16:20:08,2024-05-01 21:30:00,2024-05-02 01:00:00,20000,240,138,0.575,2,0,21,1.2151851851851851,3.5
E0323,Syrian Opera House,Concert,abu rummaneh,2024-08-20 18:30:13,2024-08-20 20:30:00,2024-08-20 23:00:00,20000,300,143,0.4766666666666667,1,0,20,0.08318287037037037,2.5
E0474,Syrian Opera House,Concert,abu rummaneh,2024-10-31 19:30:35,2024-11-05 16:00:00,2024-11-05 18:30:00,20000,280,280,1.0,1,0,16,4.853761574074074,2.5
E0375,Syrian Opera House,Concert,abu rummaneh,2024-07-01 14:35:39,2024-07-07 16:00:00,2024-07-07 18:30:00,20000,320,229,0.715625,6,0,16,6.058576388888889,2.5
E0173,Syrian Opera House,Concert,abu rummaneh,2024-03-31 17:15:31,2024-04-02 15:00:00,2024-04-02 17:30:00,20000,330,211,0.6393939393939394,1,0,15,1.9058912037037037,2.5
E0213,Syrian Opera House,Concert,abu rummaneh,2024-06-02 15:20:37,2024-06-03 13:00:00,2024-06-03 15:30:00,20000,330,156,0.4727272727272727,0,0,13,0.902349537037037,2.5
E0262,Syrian Opera House,Concert,abu rummaneh,2024-05-17 19:45:07,2024-05-20 18:30:00,2024-05-20 22:00:00,20000,350,206,0.5885714285714285,0,0,18,2.947835648148148,3.5
E0362,Syrian Opera House,Concert,abu rummaneh,2024-10-19 17:20:55,2024-10-22 21:30:00,2024-10-23 00:30:00,20000,250,244,0.976,1,0,21,3.172974537037037,3.0
E0103,Syrian Opera House,Concert,abu rummaneh,2024-05-03 20:10:31,2024-05-05 14:30:00,2024-05-05 18:00:00,20000,310,198,0.6387096774193548,6,0,14,1.7635300925925925,3.5
E0372,Road Ride,Cycling,muhajreen,2024-01-10 17:00:50,2024-01-15 15:30:00,2024-01-15 20:00:00,50000,30,30,1.0,0,0,15,4.936921296296297,4.5
E0131,Road Ride,Cycling,midan,2025-08-31 09:40:49,2025-09-03 21:00:00,2025-09-04 02:00:00,50000,40,36,0.9,2,0,21,3.4716550925925924,5.0
E0056,Road Ride,Cycling,Mazzeh,2025-01-23 14:10:03,2025-01-26 18:00:00,2025-01-26 22:30:00,50000,20,19,0.95,6,0,18,3.1596875,4.5
E0091,Road Ride,Cycling,muhajreen,2025-11-13 11:10:03,2025-11-15 13:30:00,2025-11-15 19:00:00,50000,20,18,0.9,5,1,13,2.0971875,5.5
E0243,Road Ride,Cycling,rawdah,2025-12-23 08:40:44,2025-12-29 15:00:00,2025-12-29 20:30:00,50000,40,37,0.925,0,0,15,6.26337962962963,5.5
E0347,Road Ride,Cycling,abu rummaneh,2024-02-19 21:10:42,2024-02-23 19:30:00,2024-02-24 00:00:00,50000,50,48,0.96,4,1,19,3.9300694444444444,4.5
E0439,Road Ride,Cycling,jesr abiad,2024-09-25 18:00:09,2024-09-30 14:30:00,2024-09-30 20:00:00,50000,40,37,0.925,0,0,14,4.8540625,5.5
E0057,Road Ride,Cycling,muhajreen,2024-08-24 15:50:04,2024-08-27 15:00:00,2024-08-27 19:30:00,50000,50,49,0.98,1,0,15,2.9652314814814815,4.5
E0452,Road Ride,Cycling,midan,2025-08-21 20:05:59,2025-08-22 15:00:00,2025-08-22 19:30:00,50000,50,23,0.46,4,1,15,0.7875115740740741,4.5
E0108,Road Ride,Cycling,midan,2025-08-27 19:30:45,2025-08-30 13:00:00,2025-08-30 16:30:00,50000,50,49,0.98,5,1,13,2.728645833333333,3.5
E0234,Road Ride,Cycling,muhajreen,2025-03-25 19:00:23,2025-03-27 18:00:00,2025-03-27 22:30:00,50000,40,38,0.95,3,0,18,1.9580671296296297,4.5
E0485,Road Ride,Cycling,midan,2025-05-31 11:25:28,2025-06-06 15:00:00,2025-06-06 20:00:00,50000,60,55,0.9166666666666666,4,1,15,6.148981481481481,5.0
E0373,Road Ride,Cycling,jesr abiad,2024-09-23 11:40:09,2024-09-29 19:00:00,2024-09-30 00:30:00,50000,50,48,0.96,6,0,19,6.305451388888889,5.5
E0010,Road Ride,Cycling,muhajreen,2024-02-06 00:25:12,2024-02-08 14:00:00,2024-02-08 19:00:00,50000,60,55,0.9166666666666666,3,0,14,2.5658333333333334,5.0
E0428,Road Ride,Cycling,Kafarsoseh,2024-11-28 01:00:50,2024-12-01 15:00:00,2024-12-01 19:00:00,50000,40,39,0.975,6,0,15,3.5827546296296298,4.0
E0435,Road Ride,Cycling,old Damascus,2024-07-20 16:15:19,2024-07-23 14:30:00,2024-07-23 20:30:00,50000,60,54,0.9,1,0,14,2.926863425925926,6.0
E0384,Road Ride,Cycling,muhajreen,2025-04-05 20:15:04,2025-04-09 17:30:00,2025-04-09 22:00:00,50000,70,58,0.8285714285714286,2,0,17,3.8853703703703704,4.5
E0067,Road Ride,Cycling,midan,2025-10-15 17:00:18,2025-10-19 17:30:00,2025-10-19 21:30:00,50000,40,28,0.7,6,0,17,4.020625,4.0
E0357,Road Ride,Cycling,abu rummaneh,2024-06-30 14:00:00,2024-06-30 14:30:00,2024-06-30 20:00:00,50000,70,31,0.44285714285714284,6,0,14,0.020833333333333332,5.5
E0255,Road Ride,Cycling,Mazzeh,2024-06-15 12:05:11,2024-06-20 17:00:00,2024-06-20 21:30:00,50000,40,37,0.925,3,0,17,5.2047337962962965,4.5
E0282,Road Ride,Cycling,Mazraa,2024-10-10 18:20:29,2024-10-13 21:00:00,2024-10-14 01:00:00,50000,60,32,0.5333333333333333,6,0,21,3.110775462962963,4.0
E0154,Road Ride,Cycling,midan,2024-08-29 10:00:50,2024-09-03 16:30:00,2024-09-03 20:30:00,50000,50,44,0.88,1,0,16,5.27025462962963,4.0
E0367,Road Ride,Cycling,muhajreen,2024-05-06 18:30:50,2024-05-09 18:00:00,2024-05-09 21:30:00,50000,50,49,0.98,3,0,18,2.978587962962963,3.5
E0263,Road Ride,Cycling,muhajreen,2025-12-07 19:30:36,2025-12-13 15:00:00,2025-12-13 19:30:00,50000,50,48,0.96,5,1,15,5.812083333333334,4.5
E0374,Road Ride,Cycling,midan,2024-05-01 15:25:03,2024-05-05 17:00:00,2024-05-05 23:00:00,50000,70,43,0.6142857142857143,6,0,17,4.0659375,6.0
E0247,Road Ride,Cycling,midan,2025-01-27 15:40:19,2025-02-03 13:00:00,2025-02-03 17:30:00,50000,60,48,0.8,0,0,13,6.888668981481482,4.5
E0111,Road Ride,Cycling,old Damascus,2024-09-09 20:40:28,2024-09-13 17:30:00,2024-09-13 21:00:00,50000,40,23,0.575,4,1,17,3.8677314814814814,3.5
E0472,Road Ride,Cycling,Mazraa,2024-08-28 17:45:18,2024-09-03 20:00:00,2024-09-04 00:00:00,50000,50,48,0.96,1,0,20,6.093541666666667,4.0
E0341,Road Ride,Cycling,Mazraa,2023-12-31 21:10:35,2024-01-04 17:30:00,2024-01-04 22:00:00,50000,50,48,0.96,3,0,17,3.84681712962963,4.5
E0017,Road Ride,Cycling,midan,2024-02-04 17:25:31,2024-02-07 14:30:00,2024-02-07 20:30:00,50000,50,46,0.92,2,0,14,2.878113425925926,6.0
E0139,Road Ride,Cycling,muhajreen,2024-11-23 16:45:06,2024-11-24 20:30:00,2024-11-24 23:30:00,50000,70,28,0.4,6,0,20,1.1561805555555555,3.0
E0264,Road Ride,Cycling,Kafarsoseh,2025-01-23 18:00:00,2025-01-27 14:00:00,2025-01-27 18:30:00,50000,50,49,0.98,0,0,14,3.8333333333333335,4.5
E0078,Road Ride,Cycling,jesr abiad,2025-06-24 11:00:20,2025-06-25 21:00:00,2025-06-26 02:30:00,50000,40,40,1.0,2,0,21,1.416435185185185,5.5
E0363,Road Ride,Cycling,abu rummaneh,2025-12-24 21:00:00,2025-12-24 21:30:00,2025-12-25 03:30:00,50000,60,37,0.6166666666666667,2,0,21,0.020833333333333332,6.0
E0065,Road Ride,Cycling,Kafarsoseh,2024-08-05 18:00:18,2024-08-09 20:30:00,2024-08-10 00:30:00,50000,50,47,0.94,4,1,20,4.103958333333333,4.0
E0437,Road Ride,Cycling,rawdah,2024-12-28 14:30:31,2025-01-04 20:00:00,2025-01-04 23:00:00,50000,50,46,0.92,5,1,20,7.22880787037037,3.0
E0486,Road Ride,Cycling,muhajreen,2024-03-26 00:30:38,2024-03-29 17:30:00,2024-03-29 22:30:00,50000,50,47,0.94,4,1,17,3.7078935185185187,5.0
E0129,Road Ride,Cycling,jesr abiad,2024-01-04 17:30:39,2024-01-11 18:30:00,2024-01-11 22:30:00,50000,60,52,0.8666666666666667,3,0,18,7.041215277777778,4.0
E0240,Road Ride,Cycling,Kafarsoseh,2025-04-08 19:50:54,2025-04-11 16:30:00,2025-04-11 22:30:00,50000,60,56,0.9333333333333333,4,1,16,2.8604861111111113,6.0
E0236,Road Ride,Cycling,abu rummaneh,2025-03-16 20:45:04,2025-03-22 18:30:00,2025-03-22 23:30:00,50000,60,60,1.0,5,1,18,5.906203703703704,5.0
E0209,Road Ride,Cycling,midan,2024-06-26 19:15:06,2024-07-02 13:00:00,2024-07-02 17:00:00,50000,40,37,0.925,1,0,13,5.739513888888889,4.0
E0497,Road Ride,Cycling,Malki,2024-03-16 18:30:25,2024-03-20 13:00:00,2024-03-20 17:30:00,50000,60,60,1.0,2,0,13,3.7705439814814814,4.5
E0104,Road Ride,Cycling,midan,2025-04-28 00:05:58,2025-05-01 14:30:00,2025-05-01 19:00:00,50000,50,43,0.86,3,0,14,3.600023148148148,4.5
E0260,Road Ride,Cycling,muhajreen,2024-08-04 19:30:38,2024-08-10 13:30:00,2024-08-10 16:30:00,50000,50,48,0.96,5,1,13,5.749560185185185,3.0
E0477,Road Ride,Cycling,Malki,2024-05-03 10:00:20,2024-05-04 20:00:00,2024-05-04 23:30:00,50000,50,48,0.96,5,1,20,1.416435185185185,3.5
E0392,Road Ride,Cycling,jesr abiad,2024-02-20 20:20:52,2024-02-21 16:00:00,2024-02-21 20:00:00,50000,30,29,0.9666666666666667,2,0,16,0.8188425925925926,4.0
E0286,Road Ride,Cycling,rawdah,2024-07-10 16:50:59,2024-07-14 17:00:00,2024-07-14 23:00:00,50000,50,48,0.96,6,0,17,4.006261574074074,6.0
E0245,Road Ride,Cycling,old Damascus,2024-12-20 16:35:38,2024-12-21 15:30:00,2024-12-21 18:30:00,50000,50,31,0.62,5,1,15,0.9544212962962964,3.0
E0361,Road Ride,Cycling,rawdah,2024-12-16 18:35:05,2024-12-19 14:30:00,2024-12-19 19:00:00,50000,50,46,0.92,3,0,14,2.8298032407407407,4.5
E0417,Road Ride,Cycling,rawdah,2025-06-08 22:40:14,2025-06-12 14:30:00,2025-06-12 20:00:00,50000,60,46,0.7666666666666667,3,0,14,3.6595601851851853,5.5
E0013,Road Ride,Cycling,Kafarsoseh,2025-05-12 15:00:02,2025-05-12 19:30:00,2025-05-13 01:30:00,50000,50,41,0.82,0,0,19,0.18747685185185184,6.0
E0190,Road Ride,Cycling,rawdah,2025-04-18 10:30:45,2025-04-23 18:00:00,2025-04-23 23:30:00,50000,40,40,1.0,2,0,18,5.311979166666666,5.5
E0015,Road Ride,Cycling,jesr abiad,2024-02-11 20:45:42,2024-02-17 18:00:00,2024-02-17 23:00:00,50000,50,45,0.9,5,1,18,5.884930555555556,5.0
E0453,Road Ride,Cycling,abu rummaneh,2024-05-21 20:35:22,2024-05-25 14:00:00,2024-05-25 17:00:00,50000,60,50,0.8333333333333334,5,1,14,3.725439814814815,3.0
E0300,Road Ride,Cycling,abu rummaneh,2025-08-25 12:30:02,2025-08-29 21:00:00,2025-08-30 01:30:00,50000,70,50,0.7142857142857143,4,1,21,4.354143518518518,4.5
E0266,Road Ride,Cycling,Malki,2024-01-14 13:30:00,2024-01-14 14:00:00,2024-01-14 19:00:00,50000,50,33,0.66,6,0,14,0.020833333333333332,5.0
E0407,Road Ride,Cycling,rawdah,2025-07-12 19:00:30,2025-07-15 20:30:00,2025-07-16 02:00:00,50000,50,45,0.9,1,0,20,3.062152777777778,5.5
E0204,Road Ride,Cycling,Mazzeh,2024-05-09 16:45:36,2024-05-10 19:00:00,2024-05-10 23:30:00,50000,40,30,0.75,4,1,19,1.0933333333333333,4.5
E0442,Road Ride,Cycling,rawdah,2024-07-16 12:40:40,2024-07-18 16:00:00,2024-07-18 20:30:00,50000,60,42,0.7,3,0,16,2.138425925925926,4.5
E0095,Road Ride,Cycling,abu rummaneh,2024-07-03 15:40:54,2024-07-03 17:30:00,2024-07-03 21:00:00,50000,50,22,0.44,2,0,17,0.0757638888888889,3.5
E0191,Road Ride,Cycling,Mazraa,2024-01-25 18:15:17,2024-01-26 17:00:00,2024-01-26 21:00:00,50000,50,33,0.66,4,1,17,0.9477199074074074,4.0
E0142,Road Ride,Cycling,midan,2024-04-27 14:45:51,2024-04-30 21:00:00,2024-05-01 03:00:00,50000,60,57,0.95,1,0,21,3.259826388888889,6.0
E0438,Road Ride,Cycling,Kafarsoseh,2024-07-24 10:10:11,2024-07-30 20:00:00,2024-07-31 00:30:00,50000,60,52,0.8666666666666667,1,0,20,6.409594907407407,4.5
E0292,Road Ride,Cycling,Mazzeh,2024-08-14 19:35:32,2024-08-18 14:30:00,2024-08-18 17:30:00,50000,50,46,0.92,6,0,14,3.787824074074074,3.0
E0161,Road Ride,Cycling,midan,2024-04-15 14:15:59,2024-04-18 13:00:00,2024-04-18 17:00:00,50000,60,53,0.8833333333333333,3,0,13,2.9472337962962962,4.0
E0445,Road Ride,Cycling,Malki,2025-08-25 10:30:11,2025-08-28 13:30:00,2025-08-28 19:00:00,50000,40,39,0.975,3,0,13,3.1248726851851854,5.5
E0123,Road Ride,Cycling,Kafarsoseh,2025-02-06 19:30:59,2025-02-09 13:00:00,2025-02-09 16:30:00,50000,60,23,0.38333333333333336,6,0,13,2.7284837962962962,3.5
E0395,Road Ride,Cycling,Kafarsoseh,2024-12-08 16:45:13,2024-12-13 15:00:00,2024-12-13 20:30:00,50000,60,58,0.9666666666666667,4,1,15,4.92693287037037,5.5
E0205,Dar al Thagafa,Debate,abu rummaneh,2025-07-15 10:10:29,2025-07-18 20:00:00,2025-07-18 22:30:00,0,100,53,0.53,4,1,20,3.409386574074074,2.5
E0009,Dar al Thagafa,Debate,abu rummaneh,2024-04-02 09:00:33,2024-04-05 19:00:00,2024-04-05 21:00:00,0,80,62,0.775,4,1,19,3.416284722222222,2.0
E0206,Dar al Thagafa,Debate,abu rummaneh,2025-10-17 16:30:01,2025-10-18 15:30:00,2025-10-18 17:30:00,0,40,38,0.95,5,1,15,0.9583217592592592,2.0
E0071,Dar al Thagafa,Debate,abu rummaneh,2024-01-12 15:15:53,2024-01-14 15:00:00,2024-01-14 17:30:00,0,90,24,0.26666666666666666,6,0,15,1.9889699074074074,2.5
E0064,Dar al Thagafa,Debate,abu rummaneh,2025-05-25 20:25:57,2025-05-29 21:00:00,2025-05-29 23:30:00,0,70,43,0.6142857142857143,3,0,21,4.023645833333333,2.5
E0494,Dar al Thagafa,Debate,abu rummaneh,2025-06-28 14:45:23,2025-06-29 21:00:00,2025-06-29 23:30:00,0,70,30,0.42857142857142855,6,0,21,1.260150462962963,2.5
E0195,Dar al Thagafa,Debate,abu rummaneh,2025-07-19 15:45:14,2025-07-25 14:30:00,2025-07-25 17:00:00,0,100,59,0.59,4,1,14,5.94775462962963,2.5
E0030,Dar al Thagafa,Debate,abu rummaneh,2025-10-07 17:30:12,2025-10-09 21:30:00,2025-10-09 23:30:00,0,90,42,0.4666666666666667,3,0,21,2.1665277777777776,2.0
E0310,Dar al Thagafa,Debate,abu rummaneh,2024-01-03 19:05:35,2024-01-06 13:00:00,2024-01-06 14:30:00,0,80,62,0.775,5,1,13,2.746122685185185,1.5
E0411,Dar al Thagafa,Debate,abu rummaneh,2025-04-23 12:10:10,2025-04-25 16:00:00,2025-04-25 18:00:00,0,60,56,0.9333333333333333,4,1,16,2.1596064814814815,2.0
E0383,Dar al Thagafa,Debate,abu rummaneh,2024-09-07 21:05:09,2024-09-09 16:30:00,2024-09-09 18:30:00,0,100,43,0.43,0,0,16,1.808923611111111,2.0
E0112,Dar al Thagafa,Debate,abu rummaneh,2024-12-06 18:35:35,2024-12-07 16:30:00,2024-12-07 19:00:00,0,120,39,0.325,5,1,16,0.9127893518518518,2.5
E0462,Dar al Thagafa,Debate,abu rummaneh,2025-04-05 16:20:47,2025-04-09 19:30:00,2025-04-09 22:00:00,0,90,68,0.7555555555555555,2,0,19,4.131400462962963,2.5
E0330,Dar al Thagafa,Debate,abu rummaneh,2024-12-20 01:30:15,2024-12-25 20:00:00,2024-12-25 22:00:00,0,50,49,0.98,2,0,20,5.770659722222222,2.0
E0102,Dar al Thagafa,Debate,abu rummaneh,2025-01-27 21:35:48,2025-01-28 17:30:00,2025-01-28 20:00:00,0,80,14,0.175,1,0,17,0.8293055555555555,2.5
E0278,Dar al Thagafa,Debate,abu rummaneh,2024-02-08 11:25:19,2024-02-08 14:00:00,2024-02-08 16:30:00,0,70,26,0.37142857142857144,3,0,14,0.10741898148148148,2.5
E0197,Dar al Thagafa,Debate,abu rummaneh,2024-11-11 15:30:00,2024-11-11 16:00:00,2024-11-11 19:00:00,0,90,30,0.3333333333333333,0,0,16,0.020833333333333332,3.0
E0364,Dar al Thagafa,Debate,abu rummaneh,2024-06-08 17:15:08,2024-06-08 19:00:00,2024-06-08 20:30:00,0,80,21,0.2625,5,1,19,0.07282407407407407,1.5
E0061,Dar al Thagafa,Debate,abu rummaneh,2024-11-16 22:00:02,2024-11-17 13:00:00,2024-11-17 14:30:00,0,80,24,0.3,6,0,13,0.6249768518518518,1.5
E0033,Dar al Thagafa,Debate,abu rummaneh,2024-02-02 09:00:34,2024-02-02 19:00:00,2024-02-02 22:00:00,0,80,1,0.0125,4,1,19,0.41627314814814814,3.0
E0217,Dar al Thagafa,Debate,abu rummaneh,2025-01-07 16:20:03,2025-01-11 20:30:00,2025-01-11 23:30:00,0,90,70,0.7777777777777778,5,1,20,4.173576388888889,3.0
E0249,Dar al Thagafa,Debate,abu rummaneh,2025-04-19 14:00:51,2025-04-21 19:00:00,2025-04-21 21:00:00,0,80,45,0.5625,0,0,19,2.2077430555555555,2.0
E0414,Dar al Thagafa,Debate,abu rummaneh,2025-06-15 15:00:06,2025-06-17 15:30:00,2025-06-17 17:30:00,0,60,44,0.7333333333333333,1,0,15,2.020763888888889,2.0
E0320,Dar al Thagafa,Debate,abu rummaneh,2025-11-21 19:00:58,2025-11-22 14:00:00,2025-11-22 16:30:00,0,80,27,0.3375,5,1,14,0.7909953703703704,2.5
E0252,Dar al Thagafa,Debate,abu rummaneh,2023-12-30 16:15:18,2024-01-02 17:30:00,2024-01-02 20:30:00,0,100,48,0.48,1,0,17,3.051875,3.0
E0087,Dar al Thagafa,Debate,abu rummaneh,2024-05-26 08:00:24,2024-05-28 19:30:00,2024-05-28 21:00:00,0,60,56,0.9333333333333333,1,0,19,2.4788888888888887,1.5
E0269,Dar al Thagafa,Debate,abu rummaneh,2025-08-09 08:20:51,2025-08-09 15:00:00,2025-08-09 17:00:00,0,80,32,0.4,5,1,15,0.2771875,2.0
E0288,Dar al Thagafa,Debate,abu rummaneh,2024-04-13 17:10:24,2024-04-14 21:00:00,2024-04-14 23:30:00,0,70,20,0.2857142857142857,6,0,21,1.1594444444444445,2.5
E0313,Dar al Thagafa,Debate,abu rummaneh,2024-08-25 20:40:25,2024-08-28 20:30:00,2024-08-28 23:00:00,0,70,66,0.9428571428571428,2,0,20,2.9927662037037037,2.5
E0048,Dar al Thagafa,Debate,abu rummaneh,2025-10-18 12:10:35,2025-10-19 16:30:00,2025-10-19 18:30:00,0,100,30,0.3,6,0,16,1.1801504629629629,2.0
E0155,Dar al Thagafa,Debate,abu rummaneh,2025-12-09 17:30:14,2025-12-10 14:00:00,2025-12-10 16:30:00,0,90,38,0.4222222222222222,2,0,14,0.8540046296296296,2.5
E0150,Tamkeen,IT,old Damascus,2024-01-19 12:10:14,2024-01-22 16:30:00,2024-01-22 23:30:00,0,220,212,0.9636363636363636,0,0,16,3.1803935185185184,7.0
E0421,Tamkeen,IT,midan,2025-12-02 09:20:55,2025-12-06 15:00:00,2025-12-06 20:00:00,0,190,182,0.9578947368421052,5,1,15,4.235474537037037,5.0
E0454,Tamkeen,IT,rawdah,2025-10-15 19:00:36,2025-10-17 14:00:00,2025-10-17 19:30:00,0,230,207,0.9,4,1,14,1.79125,5.5
E0080,Tamkeen,IT,Mazraa,2024-07-25 10:45:02,2024-07-31 15:30:00,2024-07-31 20:30:00,0,220,206,0.9363636363636364,2,0,15,6.197893518518518,5.0
E0426,Tamkeen,IT,old Damascus,2025-08-13 08:00:48,2025-08-18 20:30:00,2025-08-19 01:30:00,20000,200,193,0.965,0,0,20,5.520277777777777,5.0
E0051,Tamkeen,IT,muhajreen,2025-10-17 10:30:01,2025-10-22 13:00:00,2025-10-22 19:00:00,0,210,197,0.9380952380952381,2,0,13,5.104155092592593,6.0
E0144,Tamkeen,IT,muhajreen,2024-03-23 12:30:13,2024-03-23 15:30:00,2024-03-23 22:30:00,0,210,155,0.7380952380952381,5,1,15,0.12484953703703704,7.0
E0473,Tamkeen,IT,jesr abiad,2025-04-19 21:00:35,2025-04-24 19:00:00,2025-04-25 01:00:00,20000,240,239,0.9958333333333333,3,0,19,4.916261574074074,6.0
E0022,Tamkeen,IT,jesr abiad,2024-09-18 21:30:27,2024-09-22 15:30:00,2024-09-22 21:30:00,0,200,188,0.94,6,0,15,3.7496875,6.0
E0343,Tamkeen,IT,midan,2024-06-25 19:00:00,2024-06-25 19:30:00,2024-06-26 02:30:00,0,250,176,0.704,1,0,19,0.020833333333333332,7.0
E0089,Tamkeen,IT,Malki,2024-03-28 12:45:33,2024-04-02 16:30:00,2024-04-02 21:00:00,0,170,157,0.9235294117647059,1,0,16,5.155868055555556,4.5
E0066,Tamkeen,IT,Mazraa,2025-12-20 18:55:27,2025-12-22 18:30:00,2025-12-22 23:30:00,20000,190,190,1.0,0,0,18,1.982326388888889,5.0
E0283,Tamkeen,IT,Mazzeh,2024-06-24 15:40:08,2024-06-25 13:00:00,2024-06-25 20:30:00,0,160,155,0.96875,1,0,13,0.8887962962962963,7.5
E0055,Tamkeen,IT,Malki,2025-12-02 20:30:19,2025-12-06 17:00:00,2025-12-06 23:30:00,0,160,152,0.95,5,1,17,3.853946759259259,6.5
E0350,Tamkeen,IT,Mazzeh,2024-02-14 12:15:38,2024-02-16 16:00:00,2024-02-16 20:30:00,20000,210,209,0.9952380952380953,4,1,16,2.155810185185185,4.5
E0039,Tamkeen,IT,Mazzeh,2024-01-14 10:00:19,2024-01-19 16:00:00,2024-01-19 23:00:00,0,200,189,0.945,4,1,16,5.249780092592593,7.0
E0368,Tamkeen,IT,jesr abiad,2024-03-05 15:00:42,2024-03-08 13:30:00,2024-03-08 19:30:00,0,180,166,0.9222222222222223,4,1,13,2.937013888888889,6.0
E0267,Tamkeen,IT,Mazzeh,2024-12-04 19:30:09,2024-12-06 17:30:00,2024-12-06 23:00:00,20000,180,170,0.9444444444444444,4,1,17,1.9165625,5.5
E0433,Tamkeen,IT,Kafarsoseh,2024-11-06 20:10:07,2024-11-07 18:30:00,2024-11-08 01:30:00,0,120,115,0.9583333333333334,3,0,18,0.9304745370370371,7.0
E0346,Tamkeen,IT,Malki,2025-02-09 18:00:53,2025-02-11 19:30:00,2025-02-12 02:00:00,0,200,191,0.955,1,0,19,2.061886574074074,6.5
E0463,Tamkeen,IT,Kafarsoseh,2025-06-10 10:30:03,2025-06-13 18:00:00,2025-06-14 02:00:00,20000,210,201,0.9571428571428572,4,1,18,3.3124652777777777,8.0
E0105,Tamkeen,IT,abu rummaneh,2024-02-01 17:55:10,2024-02-06 14:00:00,2024-02-06 20:00:00,0,170,157,0.9235294117647059,1,0,14,4.8366898148148145,6.0
E0074,Tamkeen,IT,Mazzeh,2024-08-01 08:00:33,2024-08-03 19:00:00,2024-08-04 02:00:00,0,230,225,0.9782608695652174,5,1,19,2.457951388888889,7.0
E0137,Tamkeen,IT,abu rummaneh,2025-12-22 18:00:59,2025-12-25 13:30:00,2025-12-25 19:00:00,0,210,186,0.8857142857142857,3,0,13,2.8118171296296297,5.5
E0303,Tamkeen,IT,Mazraa,2024-07-08 13:30:00,2024-07-08 14:00:00,2024-07-08 20:30:00,0,210,165,0.7857142857142857,0,0,14,0.020833333333333332,6.5
E0355,Tamkeen,IT,jesr abiad,2025-08-25 15:30:00,2025-08-25 16:00:00,2025-08-25 23:00:00,0,220,216,0.9818181818181818,0,0,16,0.020833333333333332,7.0
E0268,Tamkeen,IT,Mazzeh,2024-08-13 09:30:07,2024-08-14 17:30:00,2024-08-14 23:30:00,0,180,146,0.8111111111111111,2,0,17,1.3332523148148148,6.0
E0077,Tamkeen,IT,rawdah,2024-08-09 19:40:17,2024-08-14 15:30:00,2024-08-14 20:30:00,0,240,226,0.9416666666666667,2,0,15,4.8261921296296295,5.0
E0008,Tamkeen,IT,Malki,2024-07-19 08:30:09,2024-07-21 19:00:00,2024-07-22 00:00:00,0,250,215,0.86,6,0,19,2.4373958333333334,5.0
E0449,Tamkeen,IT,abu rummaneh,2024-02-08 21:05:13,2024-02-12 21:30:00,2024-02-13 04:30:00,0,190,176,0.9263157894736842,0,0,21,4.017210648148148,7.0
E0285,Tamkeen,IT,jesr abiad,2025-11-25 18:25:31,2025-11-28 15:30:00,2025-11-28 22:00:00,0,190,182,0.9578947368421052,4,1,15,2.878113425925926,6.5
E0324,Tamkeen,IT,Mazraa,2024-02-28 19:30:23,2024-03-05 18:00:00,2024-03-06 00:00:00,0,210,204,0.9714285714285714,1,0,18,5.937233796296296,6.0
E0405,Tamkeen,IT,Mazraa,2025-06-24 18:30:43,2025-06-26 17:30:00,2025-06-26 22:30:00,0,210,199,0.9476190476190476,3,0,17,1.9578356481481483,5.0
E0302,Tamkeen,IT,rawdah,2024-03-05 14:30:00,2024-03-05 15:00:00,2024-03-05 20:30:00,0,220,181,0.8227272727272728,1,0,15,0.020833333333333332,5.5
E0444,Tamkeen,IT,rawdah,2024-01-02 08:35:21,2024-01-04 17:00:00,2024-01-04 23:00:00,0,190,183,0.9631578947368421,3,0,17,2.3504513888888887,6.0
E0012,Tamkeen,IT,muhajreen,2024-12-12 16:00:31,2024-12-17 19:30:00,2024-12-18 00:00:00,0,210,206,0.9809523809523809,1,0,19,5.145474537037037,4.5
E0181,Tamkeen,IT,rawdah,2024-04-18 21:15:09,2024-04-23 13:30:00,2024-04-23 20:30:00,20000,160,160,1.0,1,0,13,4.6769791666666665,7.0
E0014,Tamkeen,IT,Malki,2024-05-18 11:50:40,2024-05-23 16:00:00,2024-05-23 20:30:00,0,180,163,0.9055555555555556,3,0,16,5.173148148148148,4.5
E0410,Tamkeen,IT,muhajreen,2024-10-25 11:00:55,2024-10-29 14:00:00,2024-10-29 19:00:00,0,180,179,0.9944444444444445,1,0,14,4.124363425925926,5.0
E0354,Tamkeen,IT,old Damascus,2024-12-02 22:00:51,2024-12-06 18:30:00,2024-12-06 22:30:00,0,250,233,0.932,4,1,18,3.853576388888889,4.0
E0223,Tamkeen,IT,midan,2024-09-29 17:30:38,2024-10-03 14:00:00,2024-10-03 19:30:00,20000,220,194,0.8818181818181818,3,0,14,3.8537268518518517,5.5
E0461,Tamkeen,IT,midan,2024-09-03 15:20:52,2024-09-07 21:30:00,2024-09-08 03:30:00,0,210,199,0.9476190476190476,5,1,21,4.256342592592593,6.0
E0076,Tamkeen,IT,old Damascus,2024-10-25 20:30:32,2024-10-26 20:00:00,2024-10-27 00:30:00,0,210,178,0.8476190476190476,5,1,20,0.9787962962962963,4.5
E0219,Tamkeen,IT,Mazzeh,2023-12-25 18:00:46,2024-01-01 18:00:00,2024-01-01 23:30:00,0,190,190,1.0,0,0,18,6.999467592592593,5.5
E0149,Tamkeen,IT,Kafarsoseh,2024-08-28 21:45:51,2024-08-29 15:30:00,2024-08-29 21:00:00,20000,220,158,0.7181818181818181,3,0,15,0.7389930555555555,5.5
E0493,Tamkeen,IT,abu rummaneh,2024-11-10 10:00:47,2024-11-13 19:00:00,2024-11-14 00:00:00,0,200,174,0.87,2,0,19,3.3744560185185186,5.0
E0160,Tamkeen,IT,Kafarsoseh,2025-07-01 20:00:12,2025-07-06 20:30:00,2025-07-07 01:30:00,0,220,211,0.9590909090909091,6,0,20,5.020694444444445,5.0
E0062,Tamkeen,IT,jesr abiad,2024-10-03 15:30:58,2024-10-08 16:30:00,2024-10-08 22:30:00,0,210,206,0.9809523809523809,1,0,16,5.0409953703703705,6.0
E0424,Tamkeen,IT,Kafarsoseh,2024-10-26 13:30:00,2024-10-26 14:00:00,2024-10-26 19:00:00,0,170,128,0.7529411764705882,5,1,14,0.020833333333333332,5.0
E0098,Tamkeen,IT,Mazzeh,2025-11-09 18:30:19,2025-11-11 13:00:00,2025-11-11 18:30:00,0,240,226,0.9416666666666667,1,0,13,1.7706134259259259,5.5
E0296,Tamkeen,IT,midan,2025-06-19 16:30:34,2025-06-24 17:00:00,2025-06-25 01:00:00,0,200,199,0.995,1,0,17,5.020439814814814,8.0
E0476,Tamkeen,IT,midan,2024-05-16 17:00:56,2024-05-22 15:30:00,2024-05-22 22:00:00,0,230,229,0.9956521739130435,2,0,15,5.936851851851852,6.5
E0400,Tamkeen,IT,midan,2024-08-07 15:15:46,2024-08-11 20:30:00,2024-08-12 01:30:00,0,220,189,0.8590909090909091,6,0,20,4.218217592592593,5.0
E0351,Syrian Opera House,Play,abu rummaneh,2025-05-22 11:30:07,2025-05-23 20:00:00,2025-05-23 23:00:00,20000,300,133,0.44333333333333336,4,1,20,1.3540856481481482,3.0
E0396,Syrian Opera House,Play,abu rummaneh,2025-08-28 15:50:43,2025-08-30 15:00:00,2025-08-30 18:30:00,20000,360,256,0.7111111111111111,5,1,15,1.9647800925925927,3.5
E0035,Syrian Opera House,Play,abu rummaneh,2025-06-04 10:30:14,2025-06-09 19:00:00,2025-06-09 22:00:00,20000,290,229,0.7896551724137931,0,0,19,5.35400462962963,3.0
E0423,Syrian Opera House,Play,abu rummaneh,2025-08-02 20:00:00,2025-08-02 20:30:00,2025-08-03 00:30:00,20000,280,138,0.4928571428571429,5,1,20,0.020833333333333332,4.0
E0216,Syrian Opera House,Play,abu rummaneh,2024-06-01 11:25:12,2024-06-02 17:30:00,2024-06-02 21:30:00,20000,400,87,0.2175,6,0,17,1.2533333333333334,4.0
E0319,Syrian Opera House,Play,abu rummaneh,2025-12-15 17:05:07,2025-12-19 15:30:00,2025-12-19 18:30:00,20000,310,251,0.8096774193548387,4,1,15,3.933946759259259,3.0
E0070,Syrian Opera House,Play,abu rummaneh,2025-01-09 17:50:02,2025-01-12 19:00:00,2025-01-12 21:00:00,20000,360,166,0.46111111111111114,6,0,19,3.048587962962963,2.0
E0059,Syrian Opera House,Play,abu rummaneh,2025-07-03 19:20:53,2025-07-06 21:00:00,2025-07-07 01:00:00,20000,320,213,0.665625,6,0,21,3.0688310185185186,4.0
E0465,Syrian Opera House,Play,abu rummaneh,2025-06-03 12:05:06,2025-06-07 19:00:00,2025-06-07 21:00:00,20000,280,205,0.7321428571428571,5,1,19,4.288125,2.0
E0187,Syrian Opera House,Play,abu rummaneh,2024-07-25 20:45:46,2024-07-30 13:00:00,2024-07-30 16:00:00,20000,340,145,0.4264705882352941,1,0,13,4.676550925925926,3.0
E0318,Syrian Opera House,Play,abu rummaneh,2025-07-23 00:55:54,2025-07-28 16:30:00,2025-07-28 18:30:00,20000,300,234,0.78,0,0,16,5.648680555555556,2.0
E0352,Syrian Opera House,Play,abu rummaneh,2024-05-10 22:00:24,2024-05-11 16:00:00,2024-05-11 18:00:00,20000,360,128,0.35555555555555557,5,1,16,0.7497222222222222,2.0
E0117,Syrian Opera House,Play,abu rummaneh,2025-04-30 14:25:08,2025-05-01 17:30:00,2025-05-01 20:00:00,20000,280,114,0.40714285714285714,3,0,17,1.1283796296296296,2.5
E0257,Syrian Opera House,Play,abu rummaneh,2025-06-05 10:40:44,2025-06-05 14:30:00,2025-06-05 18:00:00,20000,280,87,0.3107142857142857,3,0,14,0.15921296296296297,3.5
E0231,963 CLUB,Sport,jesr abiad,2025-01-17 17:00:37,2025-01-20 16:00:00,2025-01-20 18:30:00,40000,120,91,0.7583333333333333,0,0,16,2.9579050925925925,2.5
E0479,963 CLUB,Sport,Kafarsoseh,2025-02-28 12:00:06,2025-02-28 17:00:00,2025-02-28 18:30:00,40000,120,59,0.49166666666666664,4,1,17,0.2082638888888889,1.5
E0470,963 CLUB,Sport,Malki,2024-02-09 18:30:51,2024-02-13 19:30:00,2024-02-13 22:30:00,40000,110,83,0.7545454545454545,1,0,19,4.0410763888888885,3.0
E0179,963 CLUB,Sport,Mazzeh,2024-10-02 14:10:50,2024-10-06 14:30:00,2024-10-06 16:30:00,40000,130,91,0.7,6,0,14,4.013310185185185,2.0
E0404,963 CLUB,Sport,old Damascus,2025-06-12 20:35:24,2025-06-15 16:30:00,2025-06-15 19:00:00,40000,120,90,0.75,6,0,16,2.8295833333333333,2.5
E0047,963 CLUB,Sport,old Damascus,2024-07-26 11:50:24,2024-07-27 20:30:00,2024-07-27 22:00:00,40000,130,53,0.4076923076923077,5,1,20,1.3608333333333333,1.5
E0220,963 CLUB,Sport,midan,2025-01-22 21:00:07,2025-01-25 18:30:00,2025-01-25 21:00:00,40000,110,110,1.0,5,1,18,2.895752314814815,2.5
E0490,963 CLUB,Sport,old Damascus,2024-06-04 14:40:37,2024-06-09 15:30:00,2024-06-09 18:00:00,40000,120,81,0.675,6,0,15,5.034293981481482,2.5
E0032,963 CLUB,Sport,jesr abiad,2025-09-10 16:15:10,2025-09-16 14:00:00,2025-09-16 16:00:00,40000,110,98,0.8909090909090909,1,0,14,5.906134259259259,2.0
E0311,963 CLUB,Sport,old Damascus,2024-10-17 12:30:08,2024-10-17 15:00:00,2024-10-17 16:30:00,40000,130,61,0.46923076923076923,3,0,15,0.10407407407407407,1.5
E0183,963 CLUB,Sport,abu rummaneh,2024-03-25 21:10:51,2024-03-26 17:30:00,2024-03-26 19:30:00,40000,120,40,0.3333333333333333,1,0,17,0.8466319444444445,2.0
E0126,963 CLUB,Sport,muhajreen,2025-04-09 17:00:19,2025-04-15 19:00:00,2025-04-15 21:00:00,40000,110,104,0.9454545454545454,1,0,19,6.083113425925926,2.0
E0275,963 CLUB,Sport,rawdah,2025-12-18 11:50:14,2025-12-21 21:00:00,2025-12-21 23:00:00,40000,100,64,0.64,6,0,21,3.381782407407407,2.0
E0063,963 CLUB,Sport,jesr abiad,2024-03-01 21:35:19,2024-03-02 20:00:00,2024-03-02 22:30:00,40000,130,56,0.4307692307692308,5,1,20,0.9338078703703704,2.5
E0322,963 CLUB,Sport,abu rummaneh,2025-09-09 17:25:31,2025-09-12 16:00:00,2025-09-12 18:00:00,40000,150,121,0.8066666666666666,4,1,16,2.940613425925926,2.0
E0043,963 CLUB,Sport,abu rummaneh,2024-04-09 17:15:21,2024-04-12 19:00:00,2024-04-12 22:00:00,40000,150,128,0.8533333333333334,4,1,19,3.072673611111111,3.0
E0349,963 CLUB,Sport,jesr abiad,2024-12-24 10:50:07,2024-12-28 16:00:00,2024-12-28 18:30:00,40000,110,98,0.8909090909090909,5,1,16,4.21519675925926,2.5
E0270,963 CLUB,Sport,jesr abiad,2025-07-05 17:50:08,2025-07-06 13:00:00,2025-07-06 15:30:00,40000,150,62,0.41333333333333333,6,0,13,0.7985185185185185,2.5
E0415,963 CLUB,Sport,abu rummaneh,2024-01-09 18:00:09,2024-01-10 14:00:00,2024-01-10 16:30:00,40000,120,44,0.36666666666666664,2,0,14,0.8332291666666667,2.5
E0317,963 CLUB,Sport,abu rummaneh,2025-07-01 12:00:22,2025-07-06 16:30:00,2025-07-06 19:00:00,40000,170,120,0.7058823529411765,6,0,16,5.187245370370371,2.5
E0483,963 CLUB,Sport,Mazzeh,2025-05-10 22:10:07,2025-05-14 20:00:00,2025-05-14 22:30:00,40000,120,92,0.7666666666666667,2,0,20,3.909641203703704,2.5
E0198,963 CLUB,Sport,jesr abiad,2025-12-15 18:20:58,2025-12-17 15:30:00,2025-12-17 18:00:00,40000,130,83,0.6384615384615384,2,0,15,1.8812731481481482,2.5
E0143,963 CLUB,Sport,Kafarsoseh,2024-11-15 17:00:24,2024-11-15 21:30:00,2024-11-15 23:30:00,40000,150,68,0.4533333333333333,4,1,21,0.18722222222222223,2.0
E0218,963 CLUB,Sport,Mazraa,2024-07-28 00:40:49,2024-07-31 13:00:00,2024-07-31 15:30:00,40000,90,83,0.9222222222222223,2,0,13,3.5133217592592594,2.5
E0293,963 CLUB,Sport,muhajreen,2025-07-27 17:00:44,2025-07-29 15:30:00,2025-07-29 17:00:00,40000,110,81,0.7363636363636363,1,0,15,1.9369907407407407,1.5
E0337,963 CLUB,Sport,abu rummaneh,2024-08-18 22:10:33,2024-08-22 17:30:00,2024-08-22 19:30:00,40000,90,88,0.9777777777777777,3,0,17,3.805173611111111,2.0
E0274,963 CLUB,Sport,Kafarsoseh,2025-12-10 15:35:03,2025-12-13 21:00:00,2025-12-13 23:30:00,40000,150,87,0.58,5,1,21,3.2256597222222223,2.5
E0152,963 CLUB,Sport,Mazraa,2025-12-08 18:30:38,2025-12-12 16:30:00,2025-12-12 18:30:00,40000,130,85,0.6538461538461539,4,1,16,3.9162268518518517,2.0
E0019,963 CLUB,Sport,muhajreen,2024-11-12 11:45:47,2024-11-15 19:30:00,2024-11-15 21:00:00,40000,120,105,0.875,4,1,19,3.322372685185185,1.5
E0467,963 CLUB,Sport,midan,2025-02-12 16:30:45,2025-02-16 17:00:00,2025-02-16 19:00:00,40000,130,97,0.7461538461538462,6,0,17,4.0203125,2.0
E0279,963 CLUB,Sport,Malki,2025-02-03 01:05:00,2025-02-08 21:00:00,2025-02-08 23:30:00,40000,90,89,0.9888888888888889,5,1,21,5.829861111111111,2.5
E0306,963 CLUB,Sport,jesr abiad,2025-08-26 09:15:47,2025-08-28 16:00:00,2025-08-28 18:00:00,40000,120,120,1.0,3,0,16,2.2807060185185186,2.0
E0370,963 CLUB,Sport,old Damascus,2025-06-26 11:30:07,2025-06-28 14:30:00,2025-06-28 16:30:00,40000,130,97,0.7461538461538462,5,1,14,2.1249189814814815,2.0
E0291,963 CLUB,Sport,Mazraa,2025-03-12 16:45:38,2025-03-16 14:00:00,2025-03-16 17:00:00,40000,100,93,0.93,6,0,14,3.8849768518518517,3.0
E0464,963 CLUB,Sport,Malki,2025-06-24 18:00:00,2025-06-24 18:30:00,2025-06-24 20:30:00,40000,110,64,0.5818181818181818,1,0,18,0.020833333333333332,2.0
E0027,963 CLUB,Sport,abu rummaneh,2024-11-17 19:30:04,2024-11-18 14:30:00,2024-11-18 17:00:00,40000,100,69,0.69,0,0,14,0.7916203703703704,2.5
E0241,963 CLUB,Sport,jesr abiad,2025-05-31 22:10:28,2025-06-02 15:00:00,2025-06-02 18:00:00,40000,130,126,0.9692307692307692,0,0,15,1.7010648148148149,3.0
E0031,963 CLUB,Sport,abu rummaneh,2024-04-14 11:30:59,2024-04-19 16:30:00,2024-04-19 19:00:00,40000,120,92,0.7666666666666667,4,1,16,5.207650462962963,2.5
E0377,963 CLUB,Sport,Malki,2024-10-21 09:15:50,2024-10-22 19:30:00,2024-10-22 21:30:00,40000,110,50,0.45454545454545453,1,0,19,1.4265046296296295,2.0
E0359,963 CLUB,Sport,old Damascus,2025-07-06 12:30:00,2025-07-06 13:00:00,2025-07-06 15:30:00,40000,80,57,0.7125,6,0,13,0.020833333333333332,2.5
E0335,963 CLUB,Sport,old Damascus,2024-04-10 17:30:59,2024-04-12 16:30:00,2024-04-12 19:30:00,40000,120,119,0.9916666666666667,4,1,16,1.957650462962963,3.0
E0259,963 CLUB,Sport,rawdah,2025-10-15 14:50:42,2025-10-16 19:00:00,2025-10-16 20:30:00,40000,140,32,0.22857142857142856,3,0,19,1.173125,1.5
E0393,963 CLUB,Sport,muhajreen,2024-11-03 20:15:21,2024-11-05 16:00:00,2024-11-05 18:30:00,40000,110,85,0.7727272727272727,1,0,16,1.822673611111111,2.5
E0146,963 CLUB,Sport,Malki,2025-02-27 18:30:35,2025-02-27 20:30:00,2025-02-27 22:00:00,40000,150,36,0.24,3,0,20,0.08292824074074075,1.5
E0253,963 CLUB,Sport,Malki,2024-07-20 21:15:30,2024-07-25 16:30:00,2024-07-25 18:30:00,40000,130,72,0.5538461538461539,3,0,16,4.801736111111111,2.0
E0229,963 CLUB,Sport,Malki,2025-02-13 19:10:41,2025-02-17 14:00:00,2025-02-17 16:30:00,40000,130,89,0.6846153846153846,0,0,14,3.784247685185185,2.5
E0498,963 CLUB,Sport,Mazraa,2024-01-29 13:00:00,2024-01-29 13:30:00,2024-01-29 15:30:00,40000,140,42,0.3,0,0,13,0.020833333333333332,2.0
E0239,963 CLUB,Sport,rawdah,2024-05-08 10:30:07,2024-05-10 16:00:00,2024-05-10 17:30:00,40000,130,115,0.8846153846153846,4,1,16,2.229085648148148,1.5
E0119,963 CLUB,Sport,muhajreen,2024-02-06 19:00:39,2024-02-07 14:00:00,2024-02-07 16:30:00,40000,100,46,0.46,2,0,14,0.7912152777777778,2.5
E0388,963 CLUB,Sport,rawdah,2024-01-08 15:00:09,2024-01-12 16:30:00,2024-01-12 18:00:00,40000,120,91,0.7583333333333333,4,1,16,4.062395833333333,1.5
E0196,963 CLUB,Sport,jesr abiad,2025-11-21 21:00:46,2025-11-25 17:00:00,2025-11-25 18:30:00,40000,100,67,0.67,1,0,17,3.832800925925926,1.5
E0290,963 CLUB,Sport,Kafarsoseh,2024-06-28 13:30:00,2024-06-28 14:00:00,2024-06-28 15:30:00,40000,120,67,0.5583333333333333,4,1,14,0.020833333333333332,1.5
E0488,963 CLUB,Sport,midan,2025-03-14 10:05:16,2025-03-17 20:00:00,2025-03-17 21:30:00,40000,90,55,0.6111111111111112,0,0,20,3.413009259259259,1.5
E0356,963 CLUB,Sport,Malki,2024-04-21 19:45:44,2024-04-23 19:00:00,2024-04-23 21:30:00,40000,120,85,0.7083333333333334,1,0,19,1.9682407407407407,2.5
