event_id,category,place,posted_datetime,event_start_datetime,event_end_datetime,price_syp,capacity,attendance,attendance_rate,day_of_week,is_weekend_syria,start_hour,days_before_event_posted,duration_hours
E6011,Sport,rawdah,2023-12-09 10:17:28,2023-12-19 16:30:00,2023-12-19 18:00:00,40000,120,88,0.7333333333333333,1,0,16,10.258703703703704,1.5
E0219,IT,Mazzeh,2023-12-30 14:52:32,2024-01-01 18:00:00,2024-01-01 23:30:00,0,190,173,0.9105263157894737,0,0,18,2.1301851851851854,5.5
E0252,IT,abu rummaneh,2023-12-30 22:23:18,2024-01-02 17:30:00,2024-01-02 20:30:00,0,100,44,0.44,1,0,17,2.7963194444444444,3.0
E0444,IT,rawdah,2024-01-01 19:59:19,2024-01-04 17:00:00,2024-01-04 23:00:00,0,190,186,0.9789473684210527,3,0,17,2.875474537037037,6.0
E0341,Cycling,Mazraa,2024-01-02 11:44:04,2024-01-04 17:30:00,2024-01-04 22:00:00,50000,50,46,0.92,3,0,17,2.2402314814814814,4.5
E0193,Comedy,old Damascus,2023-12-31 20:57:02,2024-01-04 18:00:00,2024-01-04 23:30:00,50000,60,57,0.95,3,0,18,3.877060185185185,5.5
E0492,Camping,Lattakia,2023-12-13 15:35:18,2024-01-04 19:00:00,2024-01-08 19:00:00,140000,210,205,0.9761904761904762,3,0,19,22.142152777777778,96.0
E5727,Cycling,jesr abiad,2023-12-28 21:12:10,2024-01-04 21:30:00,2024-01-05 01:30:00,50000,60,54,0.9,3,0,21,7.012384259259259,4.0
E0310,Debate,abu rummaneh,2024-01-03 08:50:24,2024-01-06 13:00:00,2024-01-06 14:30:00,0,80,65,0.8125,5,1,13,3.1733333333333333,1.5
E0415,Sport,abu rummaneh,2024-01-08 15:36:41,2024-01-10 14:00:00,2024-01-10 16:30:00,40000,120,46,0.38333333333333336,2,0,14,1.9328587962962962,2.5
E0129,Cycling,jesr abiad,2024-01-06 16:46:40,2024-01-11 18:30:00,2024-01-11 22:30:00,50000,60,54,0.9,3,0,18,5.0717592592592595,4.0
E0021,Camping,Tartus,2023-12-22 16:30:28,2024-01-12 16:00:00,2024-01-17 16:00:00,150000,150,149,0.9933333333333333,4,1,16,20.978842592592592,120.0
E0388,Sport,rawdah,2024-01-08 07:28:46,2024-01-12 16:30:00,2024-01-12 18:00:00,40000,120,86,0.7166666666666667,4,1,16,4.375856481481481,1.5
E0266,Cycling,Malki,2024-01-12 21:23:18,2024-01-14 14:00:00,2024-01-14 19:00:00,50000,50,32,0.64,6,0,14,1.6921527777777778,5.0
E0071,Comedy,abu rummaneh,2024-01-08 15:07:54,2024-01-14 15:00:00,2024-01-14 17:30:00,0,90,23,0.25555555555555554,6,0,15,5.994513888888889,2.5
E0372,Cycling,muhajreen,2024-01-09 12:48:33,2024-01-15 15:30:00,2024-01-15 20:00:00,50000,30,29,0.9666666666666667,0,0,15,6.112118055555555,4.5
E0039,IT,Mazzeh,2024-01-16 10:24:16,2024-01-19 16:00:00,2024-01-19 23:00:00,0,200,198,0.99,4,1,16,3.2331481481481483,7.0
E0150,IT,old Damascus,2024-01-17 22:16:46,2024-01-22 16:30:00,2024-01-22 23:30:00,0,220,211,0.9590909090909091,0,0,16,4.759189814814815,7.0
E0191,Cycling,Mazraa,2024-01-25 16:52:44,2024-01-26 17:00:00,2024-01-26 21:00:00,50000,50,32,0.64,4,1,17,1.0050462962962963,4.0
E0498,Sport,Mazraa,2024-01-28 12:14:14,2024-01-29 13:30:00,2024-01-29 15:30:00,40000,140,49,0.35,0,0,13,1.0526157407407408,2.0
E0336,Camping,Homs,2024-01-11 12:56:50,2024-02-02 17:30:00,2024-02-04 17:30:00,120000,250,249,0.996,4,1,17,22.189699074074074,48.0
E0158,Community,jesr abiad,2024-01-21 15:33:31,2024-02-02 18:00:00,2024-02-03 01:00:00,0,210,209,0.9952380952380953,4,1,18,12.101724537037038,7.0
E0033,Debate,abu rummaneh,2024-02-01 08:37:40,2024-02-02 19:00:00,2024-02-02 22:00:00,0,80,1,0.0125,4,1,19,1.432175925925926,3.0
E0037,Camping,Tartus,2024-01-12 20:14:05,2024-02-03 21:30:00,2024-02-08 21:30:00,155000,170,169,0.9941176470588236,5,1,21,22.052719907407408,120.0
E0105,IT,abu rummaneh,2024-01-30 12:23:57,2024-02-06 14:00:00,2024-02-06 20:00:00,0,170,163,0.9588235294117647,1,0,14,7.066701388888889,6.0
E0119,Sport,muhajreen,2024-02-03 15:05:41,2024-02-07 14:00:00,2024-02-07 16:30:00,40000,100,45,0.45,2,0,14,3.954386574074074,2.5
E0017,Cycling,midan,2024-02-03 07:49:28,2024-02-07 14:30:00,2024-02-07 20:30:00,50000,50,43,0.86,2,0,14,4.278148148148148,6.0
E0010,Cycling,muhajreen,2024-02-04 15:49:37,2024-02-08 14:00:00,2024-02-08 19:00:00,50000,60,52,0.8666666666666667,3,0,14,3.9238773148148147,5.0
E0278,Community,abu rummaneh,2024-02-06 18:50:07,2024-02-08 14:00:00,2024-02-08 16:30:00,0,70,18,0.2571428571428571,3,0,14,1.7985300925925927,2.5
E0449,IT,abu rummaneh,2024-01-30 07:10:44,2024-02-12 21:30:00,2024-02-13 04:30:00,0,190,184,0.968421052631579,0,0,21,13.596712962962963,7.0
E0470,Sport,Malki,2024-02-06 14:44:57,2024-02-13 19:30:00,2024-02-13 22:30:00,40000,110,78,0.7090909090909091,1,0,19,7.197951388888889,3.0
E0350,IT,Mazzeh,2024-02-14 20:25:17,2024-02-16 16:00:00,2024-02-16 20:30:00,20000,210,205,0.9761904761904762,4,1,16,1.815775462962963,4.5
E0256,Community,jesr abiad,2024-02-16 14:46:23,2024-02-17 17:30:00,2024-02-17 20:30:00,0,50,46,0.92,5,1,17,1.1136226851851851,3.0
E0015,Cycling,jesr abiad,2024-02-09 22:59:45,2024-02-17 18:00:00,2024-02-17 23:00:00,50000,50,50,1.0,5,1,18,7.791840277777778,5.0
E0042,Community,jesr abiad,2024-02-15 20:27:52,2024-02-19 15:00:00,2024-02-19 19:00:00,90000,70,53,0.7571428571428571,0,0,15,3.772314814814815,4.0
E0392,Cycling,jesr abiad,2024-02-13 17:07:53,2024-02-21 16:00:00,2024-02-21 20:00:00,50000,30,26,0.8666666666666667,2,0,16,7.952858796296296,4.0
E6592,IT,Mazzeh,2024-02-16 21:20:23,2024-02-22 19:00:00,2024-02-23 02:00:00,0,200,197,0.985,3,0,19,5.902511574074074,7.0
E0347,Cycling,abu rummaneh,2024-02-22 16:06:03,2024-02-23 19:30:00,2024-02-24 00:00:00,50000,50,49,0.98,4,1,19,1.1416319444444445,4.5
E0085,Camping,Homs,2024-01-29 22:17:07,2024-02-24 19:30:00,2024-03-02 19:30:00,160000,190,190,1.0,5,1,19,25.88394675925926,168.0
E0312,Community,Mazzeh,2024-02-21 14:14:33,2024-02-25 21:00:00,2024-02-26 00:00:00,135000,40,37,0.925,6,0,21,4.2815625,3.0
E0434,Comedy,rawdah,2024-02-23 21:40:09,2024-02-26 15:30:00,2024-02-26 19:30:00,50000,60,55,0.9166666666666666,0,0,15,2.742951388888889,4.0
E0194,Camping,Lattakia,2024-02-11 11:53:11,2024-03-01 21:30:00,2024-03-03 21:30:00,300000,210,203,0.9666666666666667,4,1,21,19.40056712962963,48.0
E0063,Sport,jesr abiad,2024-03-01 12:37:45,2024-03-02 20:00:00,2024-03-02 22:30:00,40000,130,56,0.4307692307692308,5,1,20,1.3071180555555555,2.5
E0058,Comedy,Mazraa,2024-02-27 20:19:17,2024-03-04 18:30:00,2024-03-04 23:30:00,222120,50,23,0.46,0,0,18,5.924108796296296,5.0
E0378,Community,jesr abiad,2024-02-25 21:30:00,2024-03-04 20:30:00,2024-03-05 02:30:00,0,230,218,0.9478260869565217,0,0,20,7.958333333333333,6.0
E0302,IT,rawdah,2024-03-04 13:51:03,2024-03-05 15:00:00,2024-03-05 20:30:00,0,220,177,0.8045454545454546,1,0,15,1.0478819444444445,5.5
E0324,IT,Mazraa,2024-03-02 18:11:18,2024-03-05 18:00:00,2024-03-06 00:00:00,0,210,205,0.9761904761904762,1,0,18,2.9921527777777777,6.0
E0368,IT,jesr abiad,2024-03-03 07:56:40,2024-03-08 13:30:00,2024-03-08 19:30:00,0,180,167,0.9277777777777778,4,1,13,5.231481481481482,6.0
E0133,Comedy,jesr abiad,2024-03-08 18:15:32,2024-03-12 13:00:00,2024-03-12 19:00:00,50000,50,27,0.54,1,0,13,3.7808796296296294,6.0
E0122,Community,jesr abiad,2024-03-13 14:36:55,2024-03-15 20:00:00,2024-03-15 22:30:00,0,80,58,0.725,4,1,20,2.224363425925926,2.5
E0497,Cycling,Malki,2024-03-11 11:03:02,2024-03-20 13:00:00,2024-03-20 17:30:00,50000,60,58,0.9666666666666667,2,0,13,9.081226851851852,4.5
E0121,Comedy,Malki,2024-03-21 12:38:26,2024-03-22 20:30:00,2024-03-23 01:30:00,50000,70,22,0.3142857142857143,4,1,20,1.3274768518518518,5.0
E0144,IT,muhajreen,2024-03-22 08:55:40,2024-03-23 15:30:00,2024-03-23 22:30:00,0,210,164,0.780952380952381,5,1,15,1.2738425925925927,7.0
E0183,Sport,abu rummaneh,2024-03-23 17:43:59,2024-03-26 17:30:00,2024-03-26 19:30:00,40000,120,23,0.19166666666666668,1,0,17,2.990289351851852,2.0
E9298,Sport,rawdah,2024-03-25 16:50:07,2024-03-27 13:30:00,2024-03-27 15:00:00,40000,120,72,0.6,2,0,13,1.8610300925925927,1.5
E0425,Comedy,Mazraa,2024-03-28 07:30:50,2024-03-29 17:00:00,2024-03-29 21:30:00,50000,70,29,0.4142857142857143,4,1,17,1.3952546296296295,4.5
E0486,Cycling,muhajreen,2024-03-27 09:07:05,2024-03-29 17:30:00,2024-03-29 22:30:00,50000,50,50,1.0,4,1,17,2.349247685185185,5.0
E7729,IT,abu rummaneh,2024-03-16 19:31:41,2024-03-30 22:30:00,2024-03-31 05:30:00,0,190,189,0.9947368421052631,5,1,22,14.12383101851852,7.0
E0157,Community,jesr abiad,2024-03-19 13:06:53,2024-03-31 13:00:00,2024-03-31 17:00:00,402785,180,73,0.40555555555555556,6,0,13,11.995219907407407,4.0
E5711,Cycling,muhajreen,2024-03-27 14:22:48,2024-03-31 17:00:00,2024-03-31 22:00:00,50000,60,48,0.8,6,0,17,4.109166666666667,5.0
E0173,Concert,abu rummaneh,2024-03-31 14:54:26,2024-04-02 15:00:00,2024-04-02 17:30:00,20000,330,200,0.6060606060606061,1,0,15,2.0038657407407405,2.5
E0089,IT,Malki,2024-03-24 19:02:16,2024-04-02 16:30:00,2024-04-02 21:00:00,0,170,159,0.9352941176470588,1,0,16,8.89425925925926,4.5
E0440,Comedy,abu rummaneh,2024-04-02 15:18:44,2024-04-03 19:30:00,2024-04-03 23:30:00,50000,50,15,0.3,2,0,19,1.1744907407407408,4.0
E0168,Camping,Lattakia,2024-03-13 16:53:39,2024-04-05 15:00:00,2024-04-11 15:00:00,160000,200,200,1.0,4,1,15,22.92107638888889,144.0
E0009,Debate,abu rummaneh,2024-04-02 14:26:30,2024-04-05 19:00:00,2024-04-05 21:00:00,0,80,65,0.8125,4,1,19,3.1899305555555557,2.0
E0097,Concert,abu rummaneh,2024-03-31 19:53:47,2024-04-05 21:00:00,2024-04-06 01:00:00,20000,410,295,0.7195121951219512,4,1,21,5.045983796296296,4.0
E0083,Community,jesr abiad,2024-03-27 20:13:07,2024-04-06 19:00:00,2024-04-06 23:00:00,0,170,169,0.9941176470588236,5,1,19,9.949224537037036,4.0
E8334,Concert,abu rummaneh,2024-04-03 15:17:54,2024-04-11 17:00:00,2024-04-11 21:00:00,20000,330,320,0.9696969696969697,3,0,17,8.070902777777778,4.0
E0335,Sport,old Damascus,2024-04-11 12:41:02,2024-04-12 16:30:00,2024-04-12 19:30:00,40000,120,113,0.9416666666666667,4,1,16,1.1590046296296297,3.0
E8583,IT,Mazzeh,2024-04-05 09:45:44,2024-04-12 17:00:00,2024-04-12 21:30:00,572855,210,95,0.4523809523809524,4,1,17,7.301574074074074,4.5
E0043,Sport,abu rummaneh,2024-04-11 18:37:28,2024-04-12 19:00:00,2024-04-12 22:00:00,520327,150,78,0.52,4,1,19,1.015648148148148,3.0
E0288,Community,abu rummaneh,2024-04-12 22:31:19,2024-04-14 21:00:00,2024-04-14 23:30:00,0,70,15,0.21428571428571427,6,0,21,1.936585648148148,2.5
E0161,Cycling,midan,2024-04-14 08:37:53,2024-04-18 13:00:00,2024-04-18 17:00:00,50000,60,53,0.8833333333333333,3,0,13,4.182025462962963,4.0
E0031,Sport,abu rummaneh,2024-04-14 21:19:10,2024-04-19 16:30:00,2024-04-19 19:00:00,40000,120,90,0.75,4,1,16,4.799189814814815,2.5
E0023,Concert,abu rummaneh,2024-04-18 16:46:39,2024-04-19 19:00:00,2024-04-19 23:00:00,20000,330,300,0.9090909090909091,4,1,19,1.0926041666666666,4.0
E0181,IT,rawdah,2024-04-15 07:14:58,2024-04-23 13:30:00,2024-04-23 20:30:00,20000,160,157,0.98125,1,0,13,8.260439814814815,7.0
E0356,Sport,Malki,2024-04-22 17:20:23,2024-04-23 19:00:00,2024-04-23 21:30:00,40000,120,86,0.7166666666666667,1,0,19,1.0691782407407406,2.5
E7469,Cycling,jesr abiad,2024-04-12 22:08:25,2024-04-24 19:00:00,2024-04-25 00:00:00,50000,50,49,0.98,2,0,19,11.869155092592592,5.0
E0394,Comedy,old Damascus,2024-04-18 13:18:37,2024-04-25 13:00:00,2024-04-25 16:30:00,50000,70,56,0.8,3,0,13,6.987071759259259,3.5
E1059,Concert,abu rummaneh,2024-04-22 17:11:23,2024-04-26 20:30:00,2024-04-27 00:00:00,20000,240,133,0.5541666666666667,4,1,20,4.137928240740741,3.5
E0142,Cycling,midan,2024-04-26 19:24:44,2024-04-30 21:00:00,2024-05-01 03:00:00,50000,60,55,0.9166666666666666,1,0,21,4.066157407407408,6.0
E0406,Concert,abu rummaneh,2024-04-30 12:33:12,2024-05-01 21:30:00,2024-05-02 01:00:00,20000,240,132,0.55,2,0,21,1.3727777777777779,3.5
E3887,Play,abu rummaneh,2024-04-30 18:14:12,2024-05-04 16:00:00,2024-05-04 18:00:00,220803,360,30,0.08333333333333333,5,1,16,3.9068055555555556,2.0
E0477,Cycling,Malki,2024-04-28 15:30:17,2024-05-04 20:00:00,2024-05-04 23:30:00,50000,50,49,0.98,5,1,20,6.187303240740741,3.5
E0103,Concert,abu rummaneh,2024-05-03 20:44:00,2024-05-05 14:30:00,2024-05-05 18:00:00,20000,310,173,0.5580645161290323,6,0,14,1.7402777777777778,3.5
E0374,Cycling,midan,2024-04-26 07:43:18,2024-05-05 17:00:00,2024-05-05 23:00:00,50000,70,42,0.6,6,0,17,9.386597222222223,6.0
E0367,Cycling,muhajreen,2024-05-06 13:09:43,2024-05-09 18:00:00,2024-05-09 21:30:00,50000,50,48,0.96,3,0,18,3.201585648148148,3.5
E0093,Community,Mazzeh,2024-05-02 19:00:04,2024-05-09 21:30:00,2024-05-10 01:00:00,530274,90,56,0.6222222222222222,3,0,21,7.104120370370371,3.5
E0239,Sport,rawdah,2024-05-05 10:11:08,2024-05-10 16:00:00,2024-05-10 17:30:00,445618,130,71,0.5461538461538461,4,1,16,5.242268518518519,1.5
E0204,Cycling,Mazzeh,2024-05-02 18:34:56,2024-05-10 19:00:00,2024-05-10 23:30:00,50000,40,29,0.725,4,1,19,8.017407407407408,4.5
E0352,Play,abu rummaneh,2024-05-09 20:30:20,2024-05-11 16:00:00,2024-05-11 18:00:00,220803,360,7,0.019444444444444445,5,1,16,1.8122685185185186,2.0
E6947,Sport,abu rummaneh,2024-05-09 14:53:45,2024-05-13 17:30:00,2024-05-13 19:30:00,40000,120,28,0.23333333333333334,0,0,17,4.108506944444445,2.0
E0262,Concert,abu rummaneh,2024-05-16 19:04:38,2024-05-20 18:30:00,2024-05-20 22:00:00,20000,350,194,0.5542857142857143,0,0,18,3.975949074074074,3.5
E0476,IT,midan,2024-05-14 19:43:10,2024-05-22 15:30:00,2024-05-22 22:00:00,0,230,230,1.0,2,0,15,7.824189814814815,6.5
E0014,IT,Malki,2024-05-16 21:12:31,2024-05-23 16:00:00,2024-05-23 20:30:00,0,180,154,0.8555555555555555,3,0,16,6.782974537037037,4.5
E0453,Cycling,abu rummaneh,2024-05-07 19:34:39,2024-05-25 14:00:00,2024-05-25 17:00:00,50000,60,50,0.8333333333333334,5,1,14,17.76760416666667,3.0
E0210,Camping,Tartus,2024-05-05 11:44:14,2024-05-25 17:00:00,2024-05-28 17:00:00,125000,220,171,0.7772727272727272,5,1,17,20.21928240740741,72.0
E0176,Community,jesr abiad,2024-05-21 10:01:39,2024-05-26 14:30:00,2024-05-26 19:30:00,0,50,47,0.94,6,0,14,5.186354166666667,5.0
E0496,Community,jesr abiad,2024-05-14 10:41:09,2024-05-28 13:30:00,2024-05-28 16:00:00,396356,70,14,0.2,1,0,13,14.117256944444444,2.5
E4729,Community,jesr abiad,2024-05-13 11:27:33,2024-05-28 17:00:00,2024-05-28 21:00:00,0,170,169,0.9941176470588236,1,0,17,15.230868055555556,4.0
E0087,Comedy,abu rummaneh,2024-05-25 14:45:01,2024-05-28 19:30:00,2024-05-28 21:00:00,0,60,57,0.95,1,0,19,3.1979050925925927,1.5
E0273,Comedy,Malki,2024-05-24 07:44:12,2024-05-29 17:30:00,2024-05-29 22:30:00,50000,60,49,0.8166666666666667,2,0,17,5.406805555555556,5.0
E0338,Community,jesr abiad,2024-05-30 14:24:43,2024-05-31 17:30:00,2024-05-31 23:00:00,0,240,239,0.9958333333333333,4,1,17,1.1286689814814814,5.5
E0216,Play,abu rummaneh,2024-06-01 11:06:51,2024-06-02 17:30:00,2024-06-02 21:30:00,20000,400,41,0.1025,6,0,17,1.2660763888888888,4.0
E0213,Concert,abu rummaneh,2024-05-30 15:59:17,2024-06-03 13:00:00,2024-06-03 15:30:00,20000,330,132,0.4,0,0,13,3.8754976851851852,2.5
E0364,IT,abu rummaneh,2024-06-07 12:50:05,2024-06-08 19:00:00,2024-06-08 20:30:00,0,80,28,0.35,5,1,19,1.256886574074074,1.5
E0490,Sport,old Damascus,2024-06-05 21:59:58,2024-06-09 15:30:00,2024-06-09 18:00:00,40000,120,76,0.6333333333333333,6,0,15,3.7291898148148146,2.5
E0226,Community,jesr abiad,2024-06-02 19:09:14,2024-06-12 18:00:00,2024-06-12 22:30:00,0,190,176,0.9263157894736842,2,0,18,9.951921296296296,4.5
E0271,Camping,Tartus,2024-05-31 13:32:27,2024-06-14 13:30:00,2024-06-16 13:30:00,260000,160,103,0.64375,4,1,13,13.99829861111111,48.0
E0298,Concert,abu rummaneh,2024-06-09 21:55:49,2024-06-14 19:00:00,2024-06-14 22:30:00,20000,330,150,0.45454545454545453,4,1,19,4.877905092592592,3.5
E0118,Community,jesr abiad,2024-06-05 11:08:54,2024-06-15 15:00:00,2024-06-15 22:00:00,0,160,149,0.93125,5,1,15,10.160486111111112,7.0
E0167,Camping,Tartus,2024-05-21 12:47:56,2024-06-15 15:30:00,2024-06-19 15:30:00,140000,200,183,0.915,5,1,15,25.112546296296298,96.0
E0255,Cycling,Mazzeh,2024-06-15 21:23:19,2024-06-20 17:00:00,2024-06-20 21:30:00,50000,40,39,0.975,3,0,17,4.817141203703704,4.5
E0090,Comedy,Mazzeh,2024-06-18 17:41:08,2024-06-23 19:00:00,2024-06-24 00:30:00,316341,70,15,0.21428571428571427,6,0,19,5.054768518518519,5.5
E0233,Community,jesr abiad,2024-06-15 12:02:09,2024-06-24 13:00:00,2024-06-24 20:30:00,0,200,188,0.94,0,0,13,9.040173611111111,7.5
E0283,IT,Mazzeh,2024-06-22 21:21:08,2024-06-25 13:00:00,2024-06-25 20:30:00,0,160,149,0.93125,1,0,13,2.651990740740741,7.5
E0343,IT,midan,2024-06-24 15:00:52,2024-06-25 19:30:00,2024-06-26 02:30:00,0,250,148,0.592,1,0,19,1.1868981481481482,7.0
E0171,Community,jesr abiad,2024-06-23 20:55:57,2024-06-26 16:30:00,2024-06-26 18:30:00,0,80,30,0.375,2,0,16,2.8153125,2.0
E0290,Sport,Kafarsoseh,2024-06-26 14:35:06,2024-06-28 14:00:00,2024-06-28 15:30:00,40000,120,71,0.5916666666666667,4,1,14,1.975625,1.5
E0136,Community,Mazzeh,2024-06-16 22:20:57,2024-06-28 16:00:00,2024-06-28 19:00:00,0,60,59,0.9833333333333333,4,1,16,11.735451388888889,3.0
E0321,Camping,Tartus,2024-06-08 22:19:14,2024-06-29 20:00:00,2024-07-03 20:00:00,245000,170,169,0.9941176470588236,5,1,20,20.903310185185184,96.0
E0357,Cycling,abu rummaneh,2024-06-26 22:20:38,2024-06-30 14:30:00,2024-06-30 20:00:00,50000,70,31,0.44285714285714284,6,0,14,3.6731712962962964,5.5
E4898,Sport,rawdah,2024-06-23 12:39:13,2024-07-01 15:00:00,2024-07-01 16:30:00,445618,130,72,0.5538461538461539,0,0,15,8.097766203703705,1.5
E0403,Community,jesr abiad,2024-06-23 14:09:09,2024-07-01 18:30:00,2024-07-02 00:30:00,0,190,184,0.968421052631579,0,0,18,8.181145833333334,6.0
E0209,Cycling,midan,2024-06-30 13:41:35,2024-07-02 13:00:00,2024-07-02 17:00:00,50000,40,36,0.9,1,0,13,1.971122685185185,4.0
E0095,Cycling,abu rummaneh,2024-06-30 22:05:21,2024-07-03 17:30:00,2024-07-03 21:00:00,50000,50,20,0.4,2,0,17,2.808784722222222,3.5
E5120,Cycling,midan,2024-06-26 07:25:54,2024-07-04 20:00:00,2024-07-05 02:00:00,50000,70,47,0.6714285714285714,3,0,20,8.523680555555556,6.0
E0375,Concert,abu rummaneh,2024-07-02 12:36:31,2024-07-07 16:00:00,2024-07-07 18:30:00,20000,320,226,0.70625,6,0,16,5.141307870370371,2.5
E0208,Community,jesr abiad,2024-07-01 09:31:26,2024-07-07 18:30:00,2024-07-07 23:30:00,125000,70,30,0.42857142857142855,6,0,18,6.3740046296296295,5.0
E0303,IT,Mazraa,2024-07-05 17:28:42,2024-07-08 14:00:00,2024-07-08 20:30:00,0,210,166,0.7904761904761904,0,0,14,2.8550694444444447,6.5
E2114,Concert,abu rummaneh,2024-07-13 11:49:04,2024-07-14 14:30:00,2024-07-14 18:00:00,20000,310,159,0.5129032258064516,6,0,14,1.1117592592592593,3.5
E0286,Cycling,rawdah,2024-07-11 18:59:44,2024-07-14 17:00:00,2024-07-14 23:00:00,50000,50,44,0.88,6,0,17,2.916851851851852,6.0
E0442,Cycling,rawdah,2024-07-17 11:53:42,2024-07-18 16:00:00,2024-07-18 20:30:00,50000,60,40,0.6666666666666666,3,0,16,1.1710416666666668,4.5
E0420,Comedy,Malki,2024-07-20 08:56:24,2024-07-21 16:00:00,2024-07-21 19:30:00,50000,50,24,0.48,6,0,16,1.2941666666666667,3.5
E0008,IT,Malki,2024-07-15 19:15:36,2024-07-21 19:00:00,2024-07-22 00:00:00,189169,250,143,0.572,6,0,19,5.989166666666667,5.0
E0435,Cycling,old Damascus,2024-07-21 08:51:23,2024-07-23 14:30:00,2024-07-23 20:30:00,489968,60,27,0.45,1,0,14,2.235150462962963,6.0
E0253,Sport,Malki,2024-07-19 08:57:08,2024-07-25 16:30:00,2024-07-25 18:30:00,40000,130,66,0.5076923076923077,3,0,16,6.314490740740741,2.0
E0047,Sport,old Damascus,2024-07-25 11:12:50,2024-07-27 20:30:00,2024-07-27 22:00:00,40000,130,51,0.3923076923076923,5,1,20,2.3869212962962965,1.5
E0178,Concert,abu rummaneh,2024-07-27 20:50:49,2024-07-29 18:00:00,2024-07-29 20:30:00,20000,370,210,0.5675675675675675,0,0,18,1.8813773148148147,2.5
E0187,Play,abu rummaneh,2024-07-26 12:51:37,2024-07-30 13:00:00,2024-07-30 16:00:00,20000,340,134,0.3941176470588235,1,0,13,4.005821759259259,3.0
E0438,Cycling,Kafarsoseh,2024-07-21 14:32:23,2024-07-30 20:00:00,2024-07-31 00:30:00,50000,60,51,0.85,1,0,20,9.227511574074073,4.5
E0218,Sport,Mazraa,2024-07-29 13:00:17,2024-07-31 13:00:00,2024-07-31 15:30:00,40000,90,79,0.8777777777777778,2,0,13,1.9998032407407407,2.5
E0080,IT,Mazraa,2024-07-28 08:59:45,2024-07-31 15:30:00,2024-07-31 20:30:00,0,220,194,0.8818181818181818,2,0,15,3.2710069444444443,5.0
E0074,IT,Mazzeh,2024-07-27 08:09:32,2024-08-03 19:00:00,2024-08-04 02:00:00,0,230,230,1.0,5,1,19,7.451712962962963,7.0
E0054,Concert,abu rummaneh,2024-08-03 18:15:38,2024-08-07 20:30:00,2024-08-07 23:30:00,20000,280,233,0.8321428571428572,2,0,20,4.093310185185185,3.0
E0172,Camping,Tartus,2024-07-20 19:15:08,2024-08-08 19:00:00,2024-08-15 19:00:00,155000,180,180,1.0,3,0,19,18.98949074074074,168.0
E0065,Cycling,Kafarsoseh,2024-08-06 13:35:33,2024-08-09 20:30:00,2024-08-10 00:30:00,50000,50,49,0.98,4,1,20,3.2878125,4.0
E0260,Cycling,muhajreen,2024-08-07 18:47:26,2024-08-10 13:30:00,2024-08-10 16:30:00,50000,50,50,1.0,5,1,13,2.779560185185185,3.0
E0400,IT,midan,2024-08-04 13:32:56,2024-08-11 20:30:00,2024-08-12 01:30:00,0,220,175,0.7954545454545454,6,0,20,7.28962962962963,5.0
E0456,Comedy,abu rummaneh,2024-08-11 07:25:06,2024-08-12 17:00:00,2024-08-12 21:30:00,50000,70,34,0.4857142857142857,0,0,17,1.3992361111111111,4.5
E0077,IT,rawdah,2024-08-11 17:57:34,2024-08-14 15:30:00,2024-08-14 20:30:00,0,240,230,0.9583333333333334,2,0,15,2.897523148148148,5.0
E0268,IT,Mazzeh,2024-08-10 18:21:57,2024-08-14 17:30:00,2024-08-14 23:30:00,0,180,153,0.85,2,0,17,3.963923611111111,6.0
E0292,Cycling,Mazzeh,2024-08-14 20:09:24,2024-08-18 14:30:00,2024-08-18 17:30:00,50000,50,45,0.9,6,0,14,3.7643055555555556,3.0
E0323,Concert,abu rummaneh,2024-08-16 21:27:12,2024-08-20 20:30:00,2024-08-20 23:00:00,20000,300,139,0.4633333333333333,1,0,20,3.960277777777778,2.5
E0337,Sport,abu rummaneh,2024-08-17 09:34:15,2024-08-22 17:30:00,2024-08-22 19:30:00,40000,90,89,0.9888888888888889,3,0,17,5.3303819444444445,2.0
E0489,Community,Mazzeh,2024-08-17 19:51:01,2024-08-23 13:00:00,2024-08-23 17:00:00,0,90,55,0.6111111111111112,4,1,13,5.714571759259259,4.0
E0186,Community,Mazzeh,2024-08-20 21:05:27,2024-08-23 15:00:00,2024-08-23 17:30:00,0,90,60,0.6666666666666666,4,1,15,2.746215277777778,2.5
E0451,Community,Mazraa,2024-08-17 12:29:19,2024-08-23 16:00:00,2024-08-23 18:30:00,0,80,44,0.55,4,1,16,6.146307870370371,2.5
E0125,Comedy,rawdah,2024-08-23 15:28:09,2024-08-24 19:00:00,2024-08-24 23:30:00,50000,60,31,0.5166666666666667,5,1,19,1.1471180555555556,4.5
E0057,Cycling,muhajreen,2024-08-22 20:17:27,2024-08-27 15:00:00,2024-08-27 19:30:00,50000,50,50,1.0,1,0,15,4.779548611111111,4.5
E0313,Community,abu rummaneh,2024-08-25 20:43:48,2024-08-28 20:30:00,2024-08-28 23:00:00,0,70,66,0.9428571428571428,2,0,20,2.9904166666666665,2.5
E0149,IT,Kafarsoseh,2024-08-28 07:38:24,2024-08-29 15:30:00,2024-08-29 21:00:00,20000,220,158,0.7181818181818181,3,0,15,1.3275,5.5
E0331,Camping,Lattakia,2024-08-08 10:33:57,2024-08-30 15:30:00,2024-09-06 15:30:00,240000,250,183,0.732,4,1,15,22.205590277777777,168.0
E0225,Concert,abu rummaneh,2024-08-30 07:59:37,2024-08-31 13:00:00,2024-08-31 15:30:00,20000,290,262,0.903448275862069,5,1,13,1.208599537037037,2.5
E9375,Sport,old Damascus,2024-08-28 20:15:36,2024-08-31 15:30:00,2024-08-31 18:00:00,40000,120,82,0.6833333333333333,5,1,15,2.8016666666666667,2.5
E0304,Community,jesr abiad,2024-08-26 11:35:50,2024-08-31 16:00:00,2024-08-31 20:00:00,0,80,65,0.8125,5,1,16,5.183449074074074,4.0
E0016,Camping,Lattakia,2024-08-11 17:20:58,2024-08-31 18:30:00,2024-09-02 18:30:00,130000,190,190,1.0,5,1,18,20.047939814814814,48.0
E0154,Cycling,midan,2024-08-29 17:42:43,2024-09-03 16:30:00,2024-09-03 20:30:00,50000,50,41,0.82,1,0,16,4.949502314814815,4.0
E0159,Comedy,Kafarsoseh,2024-08-31 12:25:44,2024-09-03 19:30:00,2024-09-03 22:30:00,50000,50,44,0.88,1,0,19,3.29462962962963,3.0
E0472,Cycling,Mazraa,2024-09-01 10:18:35,2024-09-03 20:00:00,2024-09-04 00:00:00,50000,50,44,0.88,1,0,20,2.403761574074074,4.0
E0461,IT,midan,2024-09-02 10:44:32,2024-09-07 21:30:00,2024-09-08 03:30:00,0,210,209,0.9952380952380953,5,1,21,5.448240740740741,6.0
E4387,IT,Mazraa,2024-09-05 16:25:14,2024-09-08 13:30:00,2024-09-08 18:30:00,0,220,186,0.8454545454545455,6,0,13,2.8783101851851853,5.0
E0383,Debate,abu rummaneh,2024-09-08 09:01:41,2024-09-09 16:30:00,2024-09-09 18:30:00,0,100,38,0.38,0,0,16,1.3113310185185185,2.0
E0111,Cycling,old Damascus,2024-09-10 12:42:39,2024-09-13 17:30:00,2024-09-13 21:00:00,50000,40,22,0.55,4,1,17,3.199548611111111,3.5
E1678,IT,Mazzeh,2024-09-06 15:54:59,2024-09-14 17:00:00,2024-09-15 00:00:00,0,230,230,1.0,5,1,17,8.045150462962964,7.0
E0429,Concert,abu rummaneh,2024-09-08 19:09:03,2024-09-15 14:30:00,2024-09-15 18:00:00,20000,270,247,0.9148148148148149,6,0,14,6.806215277777778,3.5
E0389,Camping,Lattakia,2024-08-28 12:03:04,2024-09-19 16:30:00,2024-09-21 16:30:00,300000,240,163,0.6791666666666667,3,0,16,22.18537037037037,48.0
E3806,Community,jesr abiad,2024-09-14 17:03:27,2024-09-20 13:30:00,2024-09-20 15:30:00,0,80,33,0.4125,4,1,13,5.851770833333333,2.0
E0471,Community,jesr abiad,2024-09-13 17:13:08,2024-09-20 18:00:00,2024-09-21 00:00:00,0,220,209,0.95,4,1,18,7.032546296296296,6.0
E0491,Camping,Homs,2024-08-28 13:20:02,2024-09-20 18:00:00,2024-09-23 18:00:00,245000,150,150,1.0,4,1,18,23.194421296296298,72.0
E0022,IT,jesr abiad,2024-09-15 15:56:07,2024-09-22 15:30:00,2024-09-22 21:30:00,0,200,177,0.885,6,0,15,6.981863425925926,6.0
E0182,Comedy,old Damascus,2024-09-19 21:30:10,2024-09-22 16:30:00,2024-09-22 22:00:00,50000,50,44,0.88,6,0,16,2.791550925925926,5.5
E0447,Community,jesr abiad,2024-09-14 09:28:32,2024-09-26 13:00:00,2024-09-26 20:00:00,356937,190,124,0.6526315789473685,3,0,13,12.146851851851851,7.0
E0379,Comedy,jesr abiad,2024-09-25 08:26:51,2024-09-27 14:00:00,2024-09-27 20:00:00,338691,50,22,0.44,4,1,14,2.2313541666666667,6.0
E0113,Community,jesr abiad,2024-09-26 19:06:17,2024-09-28 13:00:00,2024-09-28 19:30:00,0,190,190,1.0,5,1,13,1.745636574074074,6.5
E0041,Community,jesr abiad,2024-09-21 17:11:31,2024-09-28 16:00:00,2024-09-28 19:00:00,0,60,40,0.6666666666666666,5,1,16,6.950335648148148,3.0
E0373,Cycling,jesr abiad,2024-09-20 20:19:47,2024-09-29 19:00:00,2024-09-30 00:30:00,429276,50,31,0.62,6,0,19,8.944594907407408,5.5
E0439,Cycling,jesr abiad,2024-09-26 08:36:23,2024-09-30 14:30:00,2024-09-30 20:00:00,50000,40,34,0.85,0,0,14,4.24556712962963,5.5
E0223,IT,midan,2024-09-29 16:52:41,2024-10-03 14:00:00,2024-10-03 19:30:00,20000,220,197,0.8954545454545455,3,0,14,3.8800810185185184,5.5
E0299,Comedy,rawdah,2024-10-01 19:40:24,2024-10-04 17:00:00,2024-10-04 20:00:00,50000,60,33,0.55,4,1,17,2.888611111111111,3.0
E0140,Camping,Lattakia,2024-09-13 17:58:15,2024-10-04 19:30:00,2024-10-08 19:30:00,220000,240,239,0.9958333333333333,4,1,19,21.063715277777778,96.0
E0179,Sport,Mazzeh,2024-09-30 13:27:55,2024-10-06 14:30:00,2024-10-06 16:30:00,40000,130,90,0.6923076923076923,6,0,14,6.043113425925926,2.0
E0333,Comedy,Mazzeh,2024-10-06 18:03:39,2024-10-08 14:30:00,2024-10-08 18:30:00,50000,60,41,0.6833333333333333,1,0,14,1.8516319444444445,4.0
E0062,IT,jesr abiad,2024-09-29 11:31:57,2024-10-08 16:30:00,2024-10-08 22:30:00,0,210,209,0.9952380952380953,1,0,16,9.206979166666667,6.0
E0385,Concert,abu rummaneh,2024-10-08 15:14:47,2024-10-11 21:00:00,2024-10-12 00:30:00,20000,320,239,0.746875,4,1,21,3.239733796296296,3.5
E3494,Camping,Lattakia,2024-09-18 13:20:44,2024-10-12 14:30:00,2024-10-19 14:30:00,240000,250,225,0.9,5,1,14,24.04810185185185,168.0
E0282,Cycling,Mazraa,2024-10-12 17:01:24,2024-10-13 21:00:00,2024-10-14 01:00:00,50000,60,36,0.6,6,0,21,1.1656944444444444,4.0
E0327,Community,jesr abiad,2024-10-09 08:13:28,2024-10-15 17:30:00,2024-10-15 19:30:00,0,50,47,0.94,1,0,17,6.386481481481481,2.0
E0311,Sport,old Damascus,2024-10-13 10:48:44,2024-10-17 15:00:00,2024-10-17 16:30:00,40000,130,62,0.47692307692307695,3,0,15,4.17449074074074,1.5
E0377,Sport,Malki,2024-10-19 10:09:21,2024-10-22 19:30:00,2024-10-22 21:30:00,40000,110,49,0.44545454545454544,1,0,19,3.389340277777778,2.0
E0362,Concert,abu rummaneh,2024-10-16 18:21:45,2024-10-22 21:30:00,2024-10-23 00:30:00,20000,250,249,0.996,1,0,21,6.130729166666667,3.0
E6861,Comedy,abu rummaneh,2024-10-22 11:34:23,2024-10-23 18:00:00,2024-10-23 22:30:00,361144,70,1,0.014285714285714285,2,0,18,1.267789351851852,4.5
E9614,Comedy,old Damascus,2024-10-19 16:32:13,2024-10-25 18:30:00,2024-10-26 00:00:00,50000,50,41,0.82,4,1,18,6.081793981481481,5.5
E0424,IT,Kafarsoseh,2024-10-24 17:05:36,2024-10-26 14:00:00,2024-10-26 19:00:00,0,170,121,0.711764705882353,5,1,14,1.8711111111111112,5.0
E0076,IT,old Damascus,2024-10-21 20:38:01,2024-10-26 20:00:00,2024-10-27 00:30:00,0,210,198,0.9428571428571428,5,1,20,4.973599537037037,4.5
E0397,Community,Mazzeh,2024-10-13 07:55:24,2024-10-26 20:30:00,2024-10-27 00:00:00,0,80,61,0.7625,5,1,20,13.524027777777778,3.5
E0011,Concert,abu rummaneh,2024-10-21 17:27:20,2024-10-27 20:00:00,2024-10-27 23:30:00,20000,370,195,0.527027027027027,6,0,20,6.1060185185185185,3.5
E0163,Community,Mazraa,2024-10-25 17:16:46,2024-10-28 14:30:00,2024-10-28 18:00:00,140000,80,32,0.4,0,0,14,2.884189814814815,3.5
E0410,IT,muhajreen,2024-10-28 10:20:23,2024-10-29 14:00:00,2024-10-29 19:00:00,0,180,166,0.9222222222222223,1,0,14,1.1525115740740741,5.0
E0469,Comedy,Mazraa,2024-10-16 08:06:36,2024-10-31 16:30:00,2024-10-31 21:30:00,50000,70,27,0.38571428571428573,3,0,16,15.349583333333333,5.0
E1325,Comedy,abu rummaneh,2024-10-29 20:49:26,2024-11-03 14:00:00,2024-11-03 18:30:00,50000,70,29,0.4142857142857143,6,0,14,4.715671296296296,4.5
E0393,Sport,muhajreen,2024-11-04 08:20:27,2024-11-05 16:00:00,2024-11-05 18:30:00,40000,110,73,0.6636363636363637,1,0,16,1.3191319444444445,2.5
E0474,Concert,abu rummaneh,2024-10-30 20:58:55,2024-11-05 16:00:00,2024-11-05 18:30:00,20000,280,277,0.9892857142857143,1,0,16,5.7924189814814815,2.5
E0433,IT,Kafarsoseh,2024-11-04 12:46:54,2024-11-07 18:30:00,2024-11-08 01:30:00,0,120,114,0.95,3,0,18,3.238263888888889,7.0
E0446,Camping,Homs,2024-10-11 11:26:12,2024-11-08 19:00:00,2024-11-12 19:00:00,225000,150,150,1.0,4,1,19,28.31513888888889,96.0
E0197,Debate,abu rummaneh,2024-11-09 17:52:49,2024-11-11 16:00:00,2024-11-11 19:00:00,0,90,31,0.34444444444444444,0,0,16,1.9216550925925926,3.0
E0493,IT,abu rummaneh,2024-11-08 22:22:42,2024-11-13 19:00:00,2024-11-14 00:00:00,0,200,184,0.92,2,0,19,4.8592361111111115,5.0
E0148,Comedy,Mazraa,2024-11-12 20:56:46,2024-11-14 17:00:00,2024-11-14 20:30:00,50000,50,25,0.5,3,0,17,1.8355787037037037,3.5
E0019,Sport,muhajreen,2024-11-11 09:28:21,2024-11-15 19:30:00,2024-11-15 21:00:00,40000,120,106,0.8833333333333333,4,1,19,4.4178125,1.5
E0143,Sport,Kafarsoseh,2024-11-14 19:24:38,2024-11-15 21:30:00,2024-11-15 23:30:00,40000,150,62,0.41333333333333333,4,1,21,1.087060185185185,2.0
E0413,Camping,Lattakia,2024-10-28 13:12:15,2024-11-16 15:30:00,2024-11-18 15:30:00,140000,90,90,1.0,5,1,15,19.095659722222223,48.0
E0061,Debate,abu rummaneh,2024-11-16 07:15:19,2024-11-17 13:00:00,2024-11-17 14:30:00,0,80,24,0.3,6,0,13,1.2393634259259259,1.5
E0027,Sport,abu rummaneh,2024-11-16 13:46:51,2024-11-18 14:30:00,2024-11-18 17:00:00,40000,100,64,0.64,0,0,14,2.029965277777778,2.5
E0211,Camping,Lattakia,2024-10-18 08:17:18,2024-11-22 17:30:00,2024-11-29 17:30:00,295000,230,229,0.9956521739130435,4,1,17,35.38381944444444,168.0
E0003,Camping,Lattakia,2024-11-03 09:39:18,2024-11-23 17:30:00,2024-11-27 17:30:00,210000,170,107,0.6294117647058823,5,1,17,20.326875,96.0
E0212,Comedy,muhajreen,2024-11-22 14:46:22,2024-11-23 21:30:00,2024-11-24 02:30:00,50000,60,49,0.8166666666666667,5,1,21,1.280300925925926,5.0
E4733,Community,jesr abiad,2024-11-17 19:42:53,2024-11-24 14:00:00,2024-11-24 18:00:00,0,80,69,0.8625,6,0,14,6.761886574074074,4.0
E0026,Comedy,jesr abiad,2024-11-22 07:47:50,2024-11-24 15:30:00,2024-11-24 19:00:00,50000,60,18,0.3,6,0,15,2.320949074074074,3.5
E0139,Cycling,muhajreen,2024-11-20 16:19:36,2024-11-24 20:30:00,2024-11-24 23:30:00,50000,70,29,0.4142857142857143,6,0,20,4.1738888888888885,3.0
E0428,Cycling,Kafarsoseh,2024-11-16 15:04:29,2024-12-01 15:00:00,2024-12-01 19:00:00,50000,40,39,0.975,6,0,15,14.996886574074074,4.0
E4704,IT,abu rummaneh,2024-11-27 14:40:55,2024-12-01 22:00:00,2024-12-02 03:00:00,0,200,178,0.89,6,0,22,4.304918981481482,5.0
E7821,IT,midan,2024-11-23 14:04:24,2024-12-02 19:30:00,2024-12-03 01:30:00,0,210,198,0.9428571428571428,0,0,19,9.226111111111111,6.0
E0185,Concert,abu rummaneh,2024-12-03 17:31:03,2024-12-05 14:30:00,2024-12-05 17:30:00,20000,350,245,0.7,3,0,14,1.8742708333333333,3.0
E0267,IT,Mazzeh,2024-12-05 07:05:54,2024-12-06 17:30:00,2024-12-06 23:00:00,20000,180,179,0.9944444444444445,4,1,17,1.4334027777777778,5.5
E0354,IT,old Damascus,2024-12-02 08:28:26,2024-12-06 18:30:00,2024-12-06 22:30:00,0,250,224,0.896,4,1,18,4.41775462962963,4.0
E0112,Debate,abu rummaneh,2024-12-04 11:03:24,2024-12-07 16:30:00,2024-12-07 19:00:00,0,120,43,0.35833333333333334,5,1,16,3.2268055555555555,2.5
E0366,Comedy,abu rummaneh,2024-12-02 13:57:50,2024-12-08 13:30:00,2024-12-08 17:00:00,50000,50,45,0.9,6,0,13,5.980671296296296,3.5
E0180,Comedy,abu rummaneh,2024-12-06 16:53:42,2024-12-08 15:30:00,2024-12-08 19:30:00,50000,50,23,0.46,6,0,15,1.941875,4.0
E0006,Concert,abu rummaneh,2024-12-08 20:00:40,2024-12-11 17:30:00,2024-12-11 19:30:00,20000,220,156,0.7090909090909091,2,0,17,2.89537037037037,2.0
E0395,Cycling,Kafarsoseh,2024-12-10 18:43:43,2024-12-13 15:00:00,2024-12-13 20:30:00,50000,60,59,0.9833333333333333,4,1,15,2.844641203703704,5.5
E0005,Comedy,Mazzeh,2024-12-12 22:59:44,2024-12-16 13:00:00,2024-12-16 17:00:00,50000,60,33,0.55,0,0,13,3.5835185185185185,4.0
E0012,IT,muhajreen,2024-12-11 13:54:43,2024-12-17 19:30:00,2024-12-18 00:00:00,0,210,201,0.9571428571428572,1,0,19,6.232835648148148,4.5
E0361,Cycling,rawdah,2024-12-15 19:00:16,2024-12-19 14:30:00,2024-12-19 19:00:00,50000,50,47,0.94,3,0,14,3.812314814814815,4.5
E0174,Camping,Tartus,2024-11-29 16:16:35,2024-12-20 16:30:00,2024-12-25 16:30:00,155000,200,200,1.0,4,1,16,21.00931712962963,120.0
E0245,Cycling,old Damascus,2024-12-19 22:15:44,2024-12-21 15:30:00,2024-12-21 18:30:00,324829,50,12,0.24,5,1,15,1.7182407407407407,3.0
E0227,Community,Mazraa,2024-12-22 07:34:22,2024-12-25 16:30:00,2024-12-25 19:30:00,55000,80,45,0.5625,2,0,16,3.3719675925925925,3.0
E0330,Debate,abu rummaneh,2024-12-22 18:09:26,2024-12-25 20:00:00,2024-12-25 22:00:00,0,50,48,0.96,2,0,20,3.0767824074074075,2.0
E0215,Community,jesr abiad,2024-12-03 13:00:19,2024-12-26 14:30:00,2024-12-26 20:30:00,0,200,200,1.0,3,0,14,23.06228009259259,6.0
E0349,Sport,jesr abiad,2024-12-26 13:19:37,2024-12-28 16:00:00,2024-12-28 18:30:00,40000,110,95,0.8636363636363636,5,1,16,2.1113773148148147,2.5
E0437,Cycling,rawdah,2024-12-31 11:14:10,2025-01-04 20:00:00,2025-01-04 23:00:00,50000,50,44,0.88,5,1,20,4.365162037037037,3.0
E0427,Comedy,midan,2025-01-02 11:17:56,2025-01-06 17:30:00,2025-01-06 23:00:00,50000,60,56,0.9333333333333333,0,0,17,4.25837962962963,5.5
E0480,Comedy,midan,2025-01-05 18:11:06,2025-01-06 20:30:00,2025-01-07 00:30:00,50000,50,26,0.52,0,0,20,1.0964583333333333,4.0
E0217,Debate,abu rummaneh,2025-01-07 11:36:07,2025-01-11 20:30:00,2025-01-11 23:30:00,0,90,74,0.8222222222222222,5,1,20,4.370752314814815,3.0
E7906,IT,Kafarsoseh,2025-01-06 21:34:10,2025-01-12 15:30:00,2025-01-12 22:30:00,0,120,110,0.9166666666666666,6,0,15,5.747106481481482,7.0
E0070,Play,abu rummaneh,2025-01-08 13:54:42,2025-01-12 19:00:00,2025-01-12 21:00:00,20000,360,153,0.425,6,0,19,4.2120138888888885,2.0
E0036,Community,jesr abiad,2025-01-10 09:44:09,2025-01-15 21:00:00,2025-01-16 03:00:00,0,210,202,0.9619047619047619,2,0,21,5.4693402777777775,6.0
E0231,Sport,jesr abiad,2025-01-15 18:12:24,2025-01-20 16:00:00,2025-01-20 18:30:00,40000,120,89,0.7416666666666667,0,0,16,4.908055555555555,2.5
E0272,Concert,abu rummaneh,2025-01-14 18:51:03,2025-01-23 15:30:00,2025-01-23 18:00:00,20000,270,229,0.8481481481481481,3,0,15,8.860381944444445,2.5
E5824,Sport,Malki,2025-01-20 19:59:23,2025-01-24 17:00:00,2025-01-24 19:30:00,433330,130,6,0.046153846153846156,4,1,17,3.8754282407407405,2.5
E0220,Sport,midan,2025-01-17 15:58:56,2025-01-25 18:30:00,2025-01-25 21:00:00,40000,110,110,1.0,5,1,18,8.104907407407408,2.5
E0056,Cycling,Mazzeh,2025-01-23 13:19:16,2025-01-26 18:00:00,2025-01-26 22:30:00,50000,20,19,0.95,6,0,18,3.1949537037037037,4.5
E0264,Cycling,Kafarsoseh,2025-01-25 21:07:57,2025-01-27 14:00:00,2025-01-27 18:30:00,50000,50,45,0.9,0,0,14,1.7028125,4.5
E3462,IT,Kafarsoseh,2025-01-22 07:35:33,2025-01-27 17:30:00,2025-01-28 00:30:00,0,120,113,0.9416666666666667,0,0,17,5.4128125,7.0
E0246,Community,Mazzeh,2025-01-16 22:13:31,2025-01-28 13:30:00,2025-01-28 18:30:00,85000,40,26,0.65,1,0,13,11.63644675925926,5.0
E0102,IT,abu rummaneh,2025-01-24 22:13:15,2025-01-28 17:30:00,2025-01-28 20:00:00,0,80,11,0.1375,1,0,17,3.803298611111111,2.5
E0386,Community,jesr abiad,2025-01-21 17:19:16,2025-01-29 14:30:00,2025-01-29 21:00:00,0,200,187,0.935,2,0,14,7.882453703703704,6.5
E0156,Camping,Tartus,2024-12-21 07:59:06,2025-01-30 16:30:00,2025-02-02 16:30:00,300000,260,158,0.6076923076923076,3,0,16,40.354791666666664,72.0
E0307,Community,jesr abiad,2025-01-21 21:02:00,2025-01-31 21:00:00,2025-02-01 05:00:00,0,180,179,0.9944444444444445,4,1,21,9.998611111111112,8.0
E0371,Camping,Lattakia,2025-01-15 22:20:28,2025-02-01 20:00:00,2025-02-06 20:00:00,335000,170,170,1.0,5,1,20,16.902453703703703,120.0
E0247,Cycling,midan,2025-01-29 12:50:39,2025-02-03 13:00:00,2025-02-03 17:30:00,50000,60,46,0.7666666666666667,0,0,13,5.006493055555556,4.5
E0170,Camping,Homs,2025-01-11 15:09:36,2025-02-06 20:00:00,2025-02-08 20:00:00,145000,210,136,0.6476190476190476,3,0,20,26.201666666666668,48.0
E0279,Sport,Malki,2025-02-04 20:11:17,2025-02-08 21:00:00,2025-02-08 23:30:00,40000,90,90,1.0,5,1,21,4.033831018518518,2.5
E0123,Cycling,Kafarsoseh,2025-02-06 15:16:08,2025-02-09 13:00:00,2025-02-09 16:30:00,50000,60,20,0.3333333333333333,6,0,13,2.905462962962963,3.5
E0346,IT,Malki,2025-02-08 22:53:44,2025-02-11 19:30:00,2025-02-12 02:00:00,0,200,182,0.91,1,0,19,2.8585185185185185,6.5
E0402,Community,jesr abiad,2025-02-08 18:24:09,2025-02-15 20:00:00,2025-02-16 03:30:00,0,170,169,0.9941176470588236,5,1,20,7.0665625,7.5
E0467,Sport,midan,2025-02-11 22:04:24,2025-02-16 17:00:00,2025-02-16 19:00:00,40000,130,90,0.6923076923076923,6,0,17,4.788611111111111,2.0
E0229,Sport,Malki,2025-02-14 08:43:50,2025-02-17 14:00:00,2025-02-17 16:30:00,40000,130,82,0.6307692307692307,0,0,14,3.2195601851851854,2.5
E0326,Comedy,Mazraa,2025-02-12 11:33:22,2025-02-17 15:00:00,2025-02-17 21:00:00,50000,60,43,0.7166666666666667,0,0,15,5.1434953703703705,6.0
E0207,Comedy,Mazzeh,2025-02-17 21:16:15,2025-02-20 16:00:00,2025-02-20 21:00:00,50000,60,44,0.7333333333333333,3,0,16,2.7803819444444446,5.0
E7750,Community,jesr abiad,2025-02-15 21:52:17,2025-02-21 19:00:00,2025-02-22 03:00:00,0,250,227,0.908,4,1,19,5.880358796296297,8.0
E0387,Community,jesr abiad,2025-02-18 10:24:29,2025-02-25 15:00:00,2025-02-25 21:00:00,0,170,168,0.9882352941176471,1,0,15,7.191331018518518,6.0
E0146,Sport,Malki,2025-02-26 12:01:47,2025-02-27 20:30:00,2025-02-27 22:00:00,40000,150,27,0.18,3,0,20,1.3529282407407408,1.5
E0479,Sport,Kafarsoseh,2025-02-27 16:25:54,2025-02-28 17:00:00,2025-02-28 18:30:00,40000,120,64,0.5333333333333333,4,1,17,1.0236805555555555,1.5
E0369,Camping,Homs,2025-02-13 16:52:21,2025-03-01 18:00:00,2025-03-07 18:00:00,105000,230,182,0.7913043478260869,5,1,18,16.046979166666667,144.0
E0287,Comedy,Malki,2025-03-02 14:14:13,2025-03-04 21:30:00,2025-03-05 02:30:00,50000,70,30,0.42857142857142855,1,0,21,2.302627314814815,5.0
E0049,Community,Mazraa,2025-03-05 09:51:02,2025-03-10 18:30:00,2025-03-10 22:30:00,0,50,48,0.96,0,0,18,5.360393518518518,4.0
E0291,Sport,Mazraa,2025-03-10 16:21:48,2025-03-16 14:00:00,2025-03-16 17:00:00,40000,100,92,0.92,6,0,14,5.901527777777778,3.0
E0265,Community,Mazzeh,2025-03-11 10:06:50,2025-03-16 18:00:00,2025-03-16 20:30:00,0,90,72,0.8,6,0,18,5.328587962962963,2.5
E0045,Community,jesr abiad,2025-03-09 22:14:10,2025-03-17 16:00:00,2025-03-18 00:00:00,0,250,221,0.884,0,0,16,7.740162037037037,8.0
E0488,Sport,midan,2025-03-14 22:52:06,2025-03-17 20:00:00,2025-03-17 21:30:00,40000,90,49,0.5444444444444444,0,0,20,2.8804861111111113,1.5
E0432,Comedy,abu rummaneh,2025-03-17 09:34:53,2025-03-18 17:00:00,2025-03-18 21:00:00,50000,50,35,0.7,1,0,17,1.3091087962962964,4.0
E0236,Cycling,abu rummaneh,2025-03-21 07:40:50,2025-03-22 18:30:00,2025-03-22 23:30:00,50000,60,56,0.9333333333333333,5,1,18,1.4508101851851851,5.0
E0202,Community,Mazzeh,2025-03-17 21:19:21,2025-03-25 18:30:00,2025-03-25 23:00:00,0,60,45,0.75,1,0,18,7.882395833333334,4.5
E0234,Cycling,muhajreen,2025-03-06 16:24:26,2025-03-27 18:00:00,2025-03-27 22:30:00,50000,40,39,0.975,3,0,18,21.06636574074074,4.5
E0096,Camping,Lattakia,2025-02-12 10:33:24,2025-03-28 18:00:00,2025-03-30 18:00:00,170000,180,180,1.0,4,1,18,44.310138888888886,48.0
E0151,Camping,Tartus,2025-03-12 12:18:29,2025-03-29 18:00:00,2025-04-05 18:00:00,155000,230,193,0.8391304347826087,5,1,18,17.237164351851852,168.0
E9454,Debate,abu rummaneh,2025-03-29 08:29:32,2025-04-03 18:30:00,2025-04-03 21:30:00,0,90,65,0.7222222222222222,3,0,18,5.416990740740741,3.0
E0430,Camping,Homs,2025-03-11 10:01:45,2025-04-03 21:30:00,2025-04-09 21:30:00,150000,260,245,0.9423076923076923,3,0,21,23.47795138888889,144.0
E0164,Comedy,Mazraa,2025-04-02 09:46:14,2025-04-04 18:00:00,2025-04-04 23:00:00,50000,50,23,0.46,4,1,18,2.3428935185185185,5.0
E0384,Cycling,muhajreen,2025-04-07 07:01:09,2025-04-09 17:30:00,2025-04-09 22:00:00,50000,70,55,0.7857142857142857,2,0,17,2.436701388888889,4.5
E0462,Debate,abu rummaneh,2025-04-04 20:35:27,2025-04-09 19:30:00,2025-04-09 22:00:00,0,90,70,0.7777777777777778,2,0,19,4.954548611111111,2.5
E0240,Cycling,Kafarsoseh,2025-04-09 16:08:59,2025-04-11 16:30:00,2025-04-11 22:30:00,50000,60,56,0.9333333333333333,4,1,16,2.014594907407407,6.0
E0040,Concert,abu rummaneh,2025-04-05 12:17:45,2025-04-12 21:30:00,2025-04-13 00:30:00,20000,280,261,0.9321428571428572,5,1,21,7.383506944444444,3.0
E0329,Camping,Lattakia,2025-03-23 17:00:57,2025-04-12 21:30:00,2025-04-19 21:30:00,200000,190,190,1.0,5,1,21,20.186840277777776,168.0
E0126,Sport,muhajreen,2025-04-09 08:55:45,2025-04-15 19:00:00,2025-04-15 21:00:00,40000,110,109,0.990909090909091,1,0,19,6.4196180555555555,2.0
E0487,Comedy,Kafarsoseh,2025-04-18 10:03:52,2025-04-19 14:00:00,2025-04-19 19:30:00,591559,70,27,0.38571428571428573,5,1,14,1.1639814814814815,5.5
E0249,Debate,abu rummaneh,2025-04-15 07:11:39,2025-04-21 19:00:00,2025-04-21 21:00:00,0,80,47,0.5875,0,0,19,6.491909722222222,2.0
E0190,Cycling,rawdah,2025-04-19 14:33:31,2025-04-23 18:00:00,2025-04-23 23:30:00,50000,40,40,1.0,2,0,18,4.143391203703704,5.5
E0481,Camping,Lattakia,2025-04-04 16:54:40,2025-04-24 18:30:00,2025-04-29 18:30:00,230000,220,196,0.8909090909090909,3,0,18,20.066203703703703,120.0
E0473,IT,jesr abiad,2025-04-15 10:30:10,2025-04-24 19:00:00,2025-04-25 01:00:00,20000,240,227,0.9458333333333333,3,0,19,9.354050925925925,6.0
E0411,Debate,abu rummaneh,2025-04-22 22:11:20,2025-04-25 16:00:00,2025-04-25 18:00:00,538798,60,28,0.4666666666666667,4,1,16,2.7421296296296296,2.0
E0297,Concert,abu rummaneh,2025-04-29 20:29:55,2025-04-30 20:30:00,2025-05-01 00:00:00,20000,300,201,0.67,2,0,20,1.0000578703703704,3.5
E0104,Cycling,midan,2025-04-30 09:10:59,2025-05-01 14:30:00,2025-05-01 19:00:00,50000,50,45,0.9,3,0,14,1.2215393518518518,4.5
E0117,Play,abu rummaneh,2025-04-28 21:05:48,2025-05-01 17:30:00,2025-05-01 20:00:00,20000,280,120,0.42857142857142855,3,0,17,2.850138888888889,2.5
E0145,Comedy,old Damascus,2025-05-01 08:08:45,2025-05-02 16:30:00,2025-05-02 21:30:00,50000,30,29,0.9666666666666667,4,1,16,1.3480902777777777,5.0
E0376,Community,Mazraa,2025-04-25 15:54:57,2025-05-03 16:00:00,2025-05-03 19:30:00,75000,90,57,0.6333333333333333,5,1,16,8.003506944444444,3.5
E0339,Comedy,jesr abiad,2025-05-01 09:54:04,2025-05-06 19:30:00,2025-05-06 22:30:00,50000,60,28,0.4666666666666667,1,0,19,5.399953703703703,3.0
E0315,Community,jesr abiad,2025-05-01 15:19:22,2025-05-08 15:30:00,2025-05-08 20:30:00,0,190,190,1.0,3,0,15,7.0073842592592595,5.0
E0052,Camping,Homs,2025-04-19 13:38:33,2025-05-09 17:30:00,2025-05-15 17:30:00,180000,110,110,1.0,4,1,17,20.160729166666666,144.0
E0169,Camping,Tartus,2025-04-18 10:47:13,2025-05-09 21:30:00,2025-05-14 21:30:00,140000,210,209,0.9952380952380953,4,1,21,21.446377314814814,120.0
E0147,Camping,Homs,2025-04-19 17:51:05,2025-05-10 17:30:00,2025-05-13 17:30:00,230000,180,179,0.9944444444444445,5,1,17,20.985358796296296,72.0
E0028,Community,Mazraa,2025-05-06 07:01:31,2025-05-12 15:00:00,2025-05-12 18:30:00,105000,80,47,0.5875,0,0,15,6.332280092592592,3.5
E4421,Comedy,Mazzeh,2025-05-11 13:33:23,2025-05-12 18:00:00,2025-05-12 23:00:00,50000,60,46,0.7666666666666667,0,0,18,1.185150462962963,5.0
E0013,Cycling,Kafarsoseh,2025-05-08 21:00:27,2025-05-12 19:30:00,2025-05-13 01:30:00,50000,50,37,0.74,0,0,19,3.9371875,6.0
E0416,Comedy,rawdah,2025-05-05 20:47:27,2025-05-13 13:30:00,2025-05-13 17:30:00,50000,40,36,0.9,1,0,13,7.696215277777778,4.0
E0483,Sport,Mazzeh,2025-05-13 17:34:36,2025-05-14 20:00:00,2025-05-14 22:30:00,40000,120,94,0.7833333333333333,2,0,20,1.1009722222222222,2.5
E2931,Sport,old Damascus,2025-05-14 20:14:29,2025-05-20 13:30:00,2025-05-20 16:00:00,40000,120,85,0.7083333333333334,1,0,13,5.719108796296296,2.5
E9013,Comedy,abu rummaneh,2025-05-18 12:43:29,2025-05-21 18:00:00,2025-05-21 22:00:00,50000,50,34,0.68,2,0,18,3.219803240740741,4.0
E0088,Community,Mazraa,2025-05-16 10:55:04,2025-05-21 20:30:00,2025-05-22 01:00:00,0,80,61,0.7625,2,0,20,5.399259259259259,4.5
E7156,Debate,abu rummaneh,2025-05-14 21:36:14,2025-05-21 22:00:00,2025-05-22 00:00:00,0,80,47,0.5875,2,0,22,7.01650462962963,2.0
E3019,Camping,Homs,2025-04-30 15:17:34,2025-05-22 18:30:00,2025-05-28 18:30:00,150000,260,260,1.0,3,0,18,22.13363425925926,144.0
E0351,Play,abu rummaneh,2025-05-21 18:46:50,2025-05-23 20:00:00,2025-05-23 23:00:00,20000,300,150,0.5,4,1,20,2.050810185185185,3.0
E0175,Comedy,midan,2025-05-22 15:48:31,2025-05-23 20:00:00,2025-05-24 00:30:00,50000,60,38,0.6333333333333333,4,1,20,1.1746412037037037,4.5
E0390,Camping,Tartus,2025-05-04 15:26:25,2025-05-24 21:30:00,2025-05-27 21:30:00,235000,200,200,1.0,5,1,21,20.252488425925925,72.0
E0064,Debate,abu rummaneh,2025-05-24 22:17:19,2025-05-29 21:00:00,2025-05-29 23:30:00,0,70,44,0.6285714285714286,3,0,21,4.9463078703703705,2.5
E0294,Camping,Homs,2025-05-07 16:57:28,2025-05-29 21:30:00,2025-06-01 21:30:00,235000,230,230,1.0,3,0,21,22.18925925925926,72.0
E0241,Sport,jesr abiad,2025-06-01 14:07:34,2025-06-02 15:00:00,2025-06-02 18:00:00,40000,130,118,0.9076923076923077,0,0,15,1.036412037037037,3.0
E0188,Comedy,rawdah,2025-06-02 18:23:11,2025-06-03 21:00:00,2025-06-04 01:00:00,50000,70,46,0.6571428571428571,1,0,21,1.108900462962963,4.0
E0257,Play,abu rummaneh,2025-06-04 11:00:14,2025-06-05 14:30:00,2025-06-05 18:00:00,20000,280,86,0.30714285714285716,3,0,14,1.1456712962962963,3.5
E0485,Cycling,midan,2025-06-01 14:38:09,2025-06-06 15:00:00,2025-06-06 20:00:00,50000,60,56,0.9333333333333333,4,1,15,5.015173611111111,5.0
E0465,Play,abu rummaneh,2025-06-06 15:51:26,2025-06-07 19:00:00,2025-06-07 21:00:00,20000,280,220,0.7857142857142857,5,1,19,1.130949074074074,2.0
E0092,Camping,Homs,2025-05-03 21:31:53,2025-06-07 20:00:00,2025-06-12 20:00:00,135000,210,209,0.9952380952380953,5,1,20,34.93619212962963,120.0
E4693,Play,abu rummaneh,2025-06-07 14:59:34,2025-06-08 15:30:00,2025-06-08 19:00:00,20000,280,39,0.1392857142857143,6,0,15,1.0211342592592592,3.5
E0035,Play,abu rummaneh,2025-06-03 16:34:19,2025-06-09 19:00:00,2025-06-09 22:00:00,20000,290,218,0.7517241379310344,0,0,19,6.101168981481481,3.0
E0417,Cycling,rawdah,2025-06-04 16:55:59,2025-06-12 14:30:00,2025-06-12 20:00:00,50000,60,48,0.8,3,0,14,7.8986226851851855,5.5
E0463,IT,Kafarsoseh,2025-06-07 07:39:12,2025-06-13 18:00:00,2025-06-14 02:00:00,20000,210,209,0.9952380952380953,4,1,18,6.431111111111111,8.0
E0228,Camping,Tartus,2025-05-23 15:28:48,2025-06-14 15:00:00,2025-06-20 15:00:00,190000,140,140,1.0,5,1,15,21.98,144.0
E0404,Sport,old Damascus,2025-06-10 08:01:18,2025-06-15 16:30:00,2025-06-15 19:00:00,40000,120,90,0.75,6,0,16,5.353263888888889,2.5
E0414,Debate,abu rummaneh,2025-06-14 15:33:43,2025-06-17 15:30:00,2025-06-17 17:30:00,0,60,46,0.7666666666666667,1,0,15,2.9974189814814816,2.0
E0248,Comedy,old Damascus,2025-06-13 12:59:06,2025-06-17 19:00:00,2025-06-17 22:00:00,50000,50,47,0.94,1,0,19,4.250625,3.0
E0189,Community,Mazzeh,2025-06-10 11:17:14,2025-06-18 20:00:00,2025-06-18 22:30:00,145000,70,48,0.6857142857142857,2,0,20,8.363032407407408,2.5
E0072,Comedy,jesr abiad,2025-06-18 15:39:44,2025-06-20 15:30:00,2025-06-20 20:00:00,50000,60,21,0.35,4,1,15,1.9932407407407406,4.5
E0334,Community,jesr abiad,2025-06-18 13:15:21,2025-06-22 15:00:00,2025-06-22 18:00:00,0,50,46,0.92,6,0,15,4.072673611111111,3.0
E0296,IT,midan,2025-06-21 07:39:26,2025-06-24 17:00:00,2025-06-25 01:00:00,0,200,187,0.935,1,0,17,3.3892824074074075,8.0
E0464,Sport,Malki,2025-06-23 07:23:17,2025-06-24 18:30:00,2025-06-24 20:30:00,40000,110,56,0.509090909090909,1,0,18,1.4629976851851851,2.0
E0078,Cycling,jesr abiad,2025-06-24 18:53:31,2025-06-25 21:00:00,2025-06-26 02:30:00,50000,40,40,1.0,2,0,21,1.0878356481481481,5.5
E0405,IT,Mazraa,2025-06-24 18:55:37,2025-06-26 17:30:00,2025-06-26 22:30:00,0,210,190,0.9047619047619048,3,0,17,1.9405439814814816,5.0
E0370,Sport,old Damascus,2025-06-25 18:22:39,2025-06-28 14:30:00,2025-06-28 16:30:00,40000,130,107,0.823076923076923,5,1,14,2.8384375,2.0
E0494,Comedy,abu rummaneh,2025-06-28 17:20:25,2025-06-29 21:00:00,2025-06-29 23:30:00,0,70,22,0.3142857142857143,6,0,21,1.1524884259259258,2.5
E0500,Community,Mazzeh,2025-06-26 14:42:59,2025-07-01 14:00:00,2025-07-01 16:00:00,150000,50,26,0.52,1,0,14,4.970150462962963,2.0
E0192,Comedy,midan,2025-07-02 20:51:24,2025-07-04 20:00:00,2025-07-05 01:00:00,50000,60,54,0.9,4,1,20,1.9643055555555555,5.0
E0270,Sport,jesr abiad,2025-07-04 19:20:27,2025-07-06 13:00:00,2025-07-06 15:30:00,40000,150,52,0.3466666666666667,6,0,13,1.735798611111111,2.5
E0359,Sport,old Damascus,2025-06-24 14:18:00,2025-07-06 13:00:00,2025-07-06 15:30:00,40000,80,55,0.6875,6,0,13,11.945833333333333,2.5
E0317,Sport,abu rummaneh,2025-06-30 22:34:14,2025-07-06 16:30:00,2025-07-06 19:00:00,40000,170,106,0.6235294117647059,6,0,16,5.747060185185185,2.5
E0160,IT,Kafarsoseh,2025-07-05 15:24:52,2025-07-06 20:30:00,2025-07-07 01:30:00,0,220,201,0.9136363636363637,6,0,20,1.2118981481481481,5.0
E0059,Play,abu rummaneh,2025-07-01 20:41:29,2025-07-06 21:00:00,2025-07-07 01:00:00,20000,320,190,0.59375,6,0,21,5.012858796296296,4.0
E6606,Debate,abu rummaneh,2025-07-03 22:42:48,2025-07-08 13:30:00,2025-07-08 16:00:00,0,100,54,0.54,1,0,13,4.6161111111111115,2.5
E0340,Comedy,Malki,2025-07-04 18:03:43,2025-07-08 13:30:00,2025-07-08 17:30:00,50000,50,42,0.84,1,0,13,3.8099189814814816,4.0
E0305,Camping,Homs,2025-06-21 19:45:03,2025-07-10 18:30:00,2025-07-12 18:30:00,200000,180,180,1.0,3,0,18,18.947881944444443,48.0
E0448,Community,jesr abiad,2025-07-01 11:09:11,2025-07-14 19:30:00,2025-07-15 02:30:00,0,230,219,0.9521739130434783,0,0,19,13.347789351851851,7.0
E0407,Cycling,rawdah,2025-07-14 15:07:21,2025-07-15 20:30:00,2025-07-16 02:00:00,50000,50,42,0.84,1,0,20,1.2240625,5.5
E0205,IT,abu rummaneh,2025-07-14 19:03:35,2025-07-18 20:00:00,2025-07-18 22:30:00,0,100,48,0.48,4,1,20,4.039178240740741,2.5
E0020,Comedy,jesr abiad,2025-07-14 18:15:15,2025-07-18 20:30:00,2025-07-19 02:00:00,50000,80,73,0.9125,4,1,20,4.093576388888889,5.5
E0069,Community,Mazzeh,2025-07-12 10:28:05,2025-07-19 21:00:00,2025-07-20 01:30:00,80000,70,66,0.9428571428571428,5,1,21,7.438831018518519,4.5
E0195,Debate,abu rummaneh,2025-07-22 13:39:11,2025-07-25 14:30:00,2025-07-25 17:00:00,0,100,54,0.54,4,1,14,3.035289351851852,2.5
E0418,Community,jesr abiad,2025-07-15 08:23:32,2025-07-26 13:00:00,2025-07-26 19:30:00,0,170,169,0.9941176470588236,5,1,13,11.19199074074074,6.5
E0318,Play,abu rummaneh,2025-07-19 19:47:48,2025-07-28 16:30:00,2025-07-28 18:30:00,20000,300,224,0.7466666666666667,0,0,16,8.862638888888888,2.0
E0293,Sport,muhajreen,2025-07-26 15:36:18,2025-07-29 15:30:00,2025-07-29 17:00:00,40000,110,74,0.6727272727272727,1,0,15,2.995625,1.5
E4884,Play,abu rummaneh,2025-07-24 19:37:18,2025-07-29 16:30:00,2025-07-29 19:00:00,20000,280,99,0.3535714285714286,1,0,16,4.869930555555555,2.5
E0423,Play,abu rummaneh,2025-08-01 17:26:19,2025-08-02 20:30:00,2025-08-03 00:30:00,20000,280,134,0.4785714285714286,5,1,20,1.1275578703703704,4.0
E3245,Cycling,rawdah,2025-08-03 10:10:30,2025-08-04 19:30:00,2025-08-05 01:00:00,50000,50,43,0.86,0,0,19,1.3885416666666666,5.5
E0269,Community,abu rummaneh,2025-08-05 21:40:53,2025-08-09 15:00:00,2025-08-09 17:00:00,189352,80,2,0.025,5,1,15,3.7216087962962963,2.0
E0468,Concert,abu rummaneh,2025-08-07 17:16:20,2025-08-10 19:30:00,2025-08-10 21:30:00,20000,340,110,0.3235294117647059,6,0,19,3.0928240740740742,2.0
E1938,Cycling,rawdah,2025-08-02 11:11:23,2025-08-14 16:30:00,2025-08-14 22:00:00,50000,60,52,0.8666666666666667,3,0,16,12.221261574074074,5.5
E0165,Camping,Lattakia,2025-06-29 13:57:31,2025-08-14 19:00:00,2025-08-19 19:00:00,215000,150,150,1.0,3,0,19,46.21005787037037,120.0
E0426,IT,old Damascus,2025-08-14 19:08:14,2025-08-18 20:30:00,2025-08-19 01:30:00,20000,200,185,0.925,0,0,20,4.0567824074074075,5.0
E0001,Community,jesr abiad,2025-08-11 18:09:56,2025-08-20 21:00:00,2025-08-21 03:30:00,0,170,156,0.9176470588235294,2,0,21,9.118101851851852,6.5
E0452,Cycling,midan,2025-08-21 13:12:47,2025-08-22 15:00:00,2025-08-22 19:30:00,50000,50,22,0.44,4,1,15,1.0744560185185186,4.5
E0332,Camping,Homs,2025-07-30 16:19:06,2025-08-22 21:30:00,2025-08-29 21:30:00,150000,210,210,1.0,4,1,21,23.215902777777778,168.0
E9818,Sport,old Damascus,2025-08-20 12:14:23,2025-08-23 16:30:00,2025-08-23 19:00:00,40000,120,99,0.825,5,1,16,3.177511574074074,2.5
E0355,IT,jesr abiad,2025-08-23 19:08:46,2025-08-25 16:00:00,2025-08-25 23:00:00,0,220,201,0.9136363636363637,0,0,16,1.8689120370370371,7.0
E0445,Cycling,Malki,2025-08-25 08:10:33,2025-08-28 13:30:00,2025-08-28 19:00:00,50000,40,38,0.95,3,0,13,3.221840277777778,5.5
E0254,Comedy,Mazzeh,2025-08-25 19:19:35,2025-08-28 14:00:00,2025-08-28 19:30:00,50000,40,26,0.65,3,0,14,2.7780671296296298,5.5
E0306,Sport,jesr abiad,2025-08-26 18:20:13,2025-08-28 16:00:00,2025-08-28 18:00:00,40000,120,110,0.9166666666666666,3,0,16,1.9026273148148147,2.0
E0431,Community,jesr abiad,2025-08-11 19:40:50,2025-08-28 16:00:00,2025-08-28 21:00:00,240870,170,99,0.5823529411764706,3,0,16,16.84664351851852,5.0
E0046,Camping,Tartus,2025-08-09 12:14:46,2025-08-28 19:30:00,2025-08-31 19:30:00,240000,200,147,0.735,3,0,19,19.302245370370372,72.0
E0300,Cycling,abu rummaneh,2025-08-26 17:35:10,2025-08-29 21:00:00,2025-08-30 01:30:00,50000,70,52,0.7428571428571429,4,1,21,3.1422453703703703,4.5
E0108,Cycling,midan,2025-08-27 12:30:07,2025-08-30 13:00:00,2025-08-30 16:30:00,50000,50,48,0.96,5,1,13,3.020752314814815,3.5
E0396,Play,abu rummaneh,2025-08-28 21:56:51,2025-08-30 15:00:00,2025-08-30 18:30:00,20000,360,277,0.7694444444444445,5,1,15,1.7105208333333333,3.5
E0131,Cycling,midan,2025-09-02 15:08:59,2025-09-03 21:00:00,2025-09-04 02:00:00,50000,40,33,0.825,2,0,21,1.2437615740740742,5.0
E0495,Community,Mazraa,2025-09-01 22:35:07,2025-09-04 20:00:00,2025-09-05 00:30:00,0,100,66,0.66,3,0,20,2.8922800925925927,4.5
E0235,Community,jesr abiad,2025-09-05 18:14:49,2025-09-09 16:00:00,2025-09-09 21:00:00,0,200,200,1.0,1,0,16,3.9063773148148146,5.0
E0135,Comedy,rawdah,2025-09-05 15:12:34,2025-09-10 13:30:00,2025-09-10 18:30:00,50000,60,54,0.9,2,0,13,4.9287731481481485,5.0
E0201,Comedy,midan,2025-09-09 16:02:24,2025-09-10 19:30:00,2025-09-11 00:30:00,50000,50,48,0.96,2,0,19,1.1441666666666668,5.0
E0322,Sport,abu rummaneh,2025-09-11 14:23:06,2025-09-12 16:00:00,2025-09-12 18:00:00,40000,150,126,0.84,4,1,16,1.0672916666666667,2.0
E0044,Community,jesr abiad,2025-09-09 22:00:58,2025-09-15 16:00:00,2025-09-15 20:30:00,0,230,224,0.9739130434782609,0,0,16,5.7493287037037035,4.5
E0032,Sport,jesr abiad,2025-09-13 20:22:01,2025-09-16 14:00:00,2025-09-16 16:00:00,40000,110,97,0.8818181818181818,1,0,14,2.7347106481481482,2.0
E0004,Camping,Lattakia,2025-08-30 18:10:59,2025-09-20 17:00:00,2025-09-26 17:00:00,310000,200,199,0.995,5,1,17,20.950706018518517,144.0
E0128,Community,Mazraa,2025-09-16 18:50:49,2025-09-20 19:00:00,2025-09-20 21:30:00,65000,90,64,0.7111111111111111,5,1,19,4.006377314814815,2.5
E0099,Comedy,Mazzeh,2025-09-22 10:06:31,2025-09-24 15:30:00,2025-09-24 20:30:00,50000,60,37,0.6166666666666667,2,0,15,2.2246412037037038,5.0
E0038,Comedy,Mazzeh,2025-09-24 15:10:51,2025-09-26 18:00:00,2025-09-26 22:30:00,50000,70,58,0.8285714285714286,4,1,18,2.117465277777778,4.5
E0348,Comedy,muhajreen,2025-09-22 20:02:10,2025-09-26 19:00:00,2025-09-26 23:00:00,501203,80,1,0.0125,4,1,19,3.9568287037037035,4.0
E0075,Community,jesr abiad,2025-09-24 19:25:27,2025-09-28 17:30:00,2025-09-28 20:30:00,0,70,65,0.9285714285714286,6,0,17,3.9198263888888887,3.0
E0079,Community,jesr abiad,2025-09-22 09:19:19,2025-09-28 21:30:00,2025-09-28 23:30:00,508784,60,15,0.25,6,0,21,6.507418981481481,2.0
E0309,Community,Mazraa,2025-09-21 10:48:31,2025-10-01 14:00:00,2025-10-01 18:00:00,95000,80,35,0.4375,2,0,14,10.132974537037038,4.0
E0132,Community,jesr abiad,2025-09-28 07:42:22,2025-10-01 20:30:00,2025-10-01 23:30:00,0,80,47,0.5875,2,0,20,3.533078703703704,3.0
E0200,Camping,Lattakia,2025-09-10 14:35:08,2025-10-02 15:00:00,2025-10-06 15:00:00,215000,190,175,0.9210526315789473,3,0,15,22.01726851851852,96.0
E0342,Comedy,Malki,2025-09-29 22:29:20,2025-10-02 21:00:00,2025-10-03 01:30:00,497730,40,21,0.525,3,0,21,2.937962962962963,4.5
E0030,Debate,abu rummaneh,2025-10-04 22:58:38,2025-10-09 21:30:00,2025-10-09 23:30:00,0,90,42,0.4666666666666667,3,0,21,4.938449074074074,2.0
E0419,Comedy,jesr abiad,2025-10-09 13:06:03,2025-10-10 14:30:00,2025-10-10 19:00:00,50000,50,33,0.66,4,1,14,1.058298611111111,4.5
E2066,Community,Mazzeh,2025-10-03 21:04:28,2025-10-11 20:30:00,2025-10-11 22:30:00,145000,70,32,0.45714285714285713,5,1,20,7.976064814814815,2.0
E0086,Community,jesr abiad,2025-10-12 13:28:12,2025-10-16 14:30:00,2025-10-16 22:00:00,0,220,198,0.9,3,0,14,4.042916666666667,7.5
E0259,Sport,rawdah,2025-10-15 09:02:20,2025-10-16 19:00:00,2025-10-16 20:30:00,40000,140,26,0.18571428571428572,3,0,19,1.4150462962962962,1.5
E0454,IT,rawdah,2025-10-15 13:43:51,2025-10-17 14:00:00,2025-10-17 19:30:00,0,230,220,0.9565217391304348,4,1,14,2.0112152777777776,5.5
E0353,Comedy,Malki,2025-10-17 08:27:23,2025-10-18 14:00:00,2025-10-18 19:30:00,50000,70,46,0.6571428571428571,5,1,14,1.2309837962962964,5.5
E0206,Comedy,abu rummaneh,2025-10-12 17:35:43,2025-10-18 15:30:00,2025-10-18 17:30:00,0,40,39,0.975,5,1,15,5.912696759259259,2.0
E3859,Cycling,midan,2025-10-15 15:49:33,2025-10-19 00:00:00,2025-10-19 05:00:00,50000,40,34,0.85,6,0,0,3.340590277777778,5.0
E0048,Debate,abu rummaneh,2025-09-26 14:45:11,2025-10-19 16:30:00,2025-10-19 18:30:00,0,100,40,0.4,6,0,16,23.072789351851853,2.0
E0067,Cycling,midan,2025-10-16 13:44:55,2025-10-19 17:30:00,2025-10-19 21:30:00,50000,40,28,0.7,6,0,17,3.1563078703703704,4.0
E0214,Community,Mazraa,2025-10-16 16:28:49,2025-10-20 15:00:00,2025-10-20 18:30:00,0,80,77,0.9625,0,0,15,3.938321759259259,3.5
E0222,Concert,abu rummaneh,2025-10-15 15:51:33,2025-10-21 13:00:00,2025-10-21 15:30:00,20000,270,248,0.9185185185185185,1,0,13,5.880868055555555,2.5
E0051,IT,muhajreen,2025-10-14 17:25:54,2025-10-22 13:00:00,2025-10-22 19:00:00,0,210,198,0.9428571428571428,2,0,13,7.815347222222222,6.0
E0325,Community,jesr abiad,2025-10-18 14:05:44,2025-10-23 17:30:00,2025-10-23 21:00:00,115000,50,47,0.94,3,0,17,5.141851851851852,3.5
E0261,Camping,Tartus,2025-10-06 16:17:54,2025-10-24 20:30:00,2025-10-30 20:30:00,130000,160,154,0.9625,4,1,20,18.175069444444443,144.0
E2798,Camping,Lattakia,2025-10-01 10:41:50,2025-10-26 19:00:00,2025-11-01 19:00:00,310000,200,200,1.0,6,0,19,25.345949074074074,144.0
E0251,Community,Mazzeh,2025-10-20 22:37:08,2025-10-27 18:30:00,2025-10-27 20:30:00,145000,70,28,0.4,0,0,18,6.828379629629629,2.0
E0250,Concert,abu rummaneh,2025-10-23 13:37:55,2025-10-28 21:30:00,2025-10-29 00:00:00,20000,300,183,0.61,1,0,21,5.327835648148148,2.5
E0100,Community,Mazraa,2025-11-01 13:11:07,2025-11-04 14:30:00,2025-11-04 17:30:00,575809,50,0,0.0,1,0,14,3.0547800925925928,3.0
E0166,Community,jesr abiad,2025-10-24 08:29:15,2025-11-04 21:00:00,2025-11-05 03:00:00,535692,180,77,0.42777777777777776,1,0,21,11.521354166666667,6.0
E0130,Camping,Lattakia,2025-10-19 08:25:58,2025-11-08 16:30:00,2025-11-11 16:30:00,120000,230,230,1.0,5,1,16,20.33613425925926,72.0
E0124,Comedy,Mazraa,2025-11-07 12:03:07,2025-11-09 16:00:00,2025-11-09 20:00:00,50000,60,45,0.75,6,0,16,2.164502314814815,4.0
E0060,Comedy,Mazzeh,2025-11-08 15:35:37,2025-11-09 16:30:00,2025-11-09 20:00:00,50000,60,31,0.5166666666666667,6,0,16,1.0377662037037036,3.5
E0098,IT,Mazzeh,2025-11-07 15:44:21,2025-11-11 13:00:00,2025-11-11 18:30:00,0,240,224,0.9333333333333333,1,0,13,3.8858680555555556,5.5
E1182,Concert,abu rummaneh,2025-11-10 22:00:34,2025-11-15 11:00:00,2025-11-15 13:30:00,20000,270,241,0.8925925925925926,5,1,11,4.541273148148148,2.5
E0091,Cycling,muhajreen,2025-11-13 21:32:16,2025-11-15 13:30:00,2025-11-15 19:00:00,50000,20,18,0.9,5,1,13,1.6650925925925926,5.5
E0120,Comedy,muhajreen,2025-11-13 20:02:01,2025-11-15 21:30:00,2025-11-16 02:00:00,50000,50,24,0.48,5,1,21,2.061099537037037,4.5
E0025,Community,jesr abiad,2025-11-08 09:01:36,2025-11-16 20:30:00,2025-11-17 03:00:00,0,180,161,0.8944444444444445,6,0,20,8.478055555555555,6.5
E0116,Camping,Homs,2025-10-28 14:37:17,2025-11-21 21:00:00,2025-11-24 21:00:00,200000,230,222,0.9652173913043478,4,1,21,24.265775462962964,72.0
E0320,Debate,abu rummaneh,2025-11-13 19:31:39,2025-11-22 14:00:00,2025-11-22 16:30:00,0,80,29,0.3625,5,1,14,8.7696875,2.5
E0230,Community,Mazraa,2025-11-13 20:51:28,2025-11-23 14:30:00,2025-11-23 19:00:00,0,90,56,0.6222222222222222,6,0,14,9.735092592592592,4.5
E8513,Camping,Tartus,2025-11-10 08:42:36,2025-11-23 21:30:00,2025-11-29 21:30:00,130000,160,160,1.0,6,0,21,13.532916666666667,144.0
E0196,Sport,jesr abiad,2025-11-18 11:45:36,2025-11-25 17:00:00,2025-11-25 18:30:00,40000,100,64,0.64,1,0,17,7.218333333333334,1.5
E0242,Comedy,abu rummaneh,2025-11-25 12:58:52,2025-11-26 14:00:00,2025-11-26 18:00:00,50000,60,47,0.7833333333333333,2,0,14,1.0424537037037036,4.0
E5171,Sport,abu rummaneh,2025-11-23 09:49:06,2025-11-27 15:00:00,2025-11-27 17:00:00,393323,150,80,0.5333333333333333,3,0,15,4.215902777777778,2.0
E3697,IT,rawdah,2025-11-24 13:51:18,2025-11-28 15:00:00,2025-11-28 20:30:00,0,230,226,0.9826086956521739,4,1,15,4.0477083333333335,5.5
E0328,Camping,Tartus,2025-10-31 16:51:52,2025-11-28 15:30:00,2025-12-04 15:30:00,110000,180,180,1.0,4,1,15,27.943148148148147,144.0
E0285,IT,jesr abiad,2025-11-24 20:40:15,2025-11-28 15:30:00,2025-11-28 22:00:00,0,190,183,0.9631578947368421,4,1,15,3.784548611111111,6.5
E0050,Camping,Homs,2025-11-09 09:53:00,2025-12-04 19:00:00,2025-12-06 19:00:00,195000,90,89,0.9888888888888889,3,0,19,25.37986111111111,48.0
E0421,IT,midan,2025-12-03 10:45:56,2025-12-06 15:00:00,2025-12-06 20:00:00,0,190,183,0.9631578947368421,5,1,15,3.176435185185185,5.0
E0055,IT,Malki,2025-12-03 14:31:16,2025-12-06 17:00:00,2025-12-06 23:30:00,0,160,160,1.0,5,1,17,3.103287037037037,6.5
E0155,Debate,abu rummaneh,2025-12-09 12:34:09,2025-12-10 14:00:00,2025-12-10 16:30:00,182462,90,2,0.022222222222222223,2,0,14,1.0596180555555557,2.5
E0152,Sport,Mazraa,2025-12-06 16:30:35,2025-12-12 16:30:00,2025-12-12 18:30:00,40000,130,83,0.6384615384615384,4,1,16,5.999594907407407,2.0
E0263,Cycling,muhajreen,2025-12-01 09:39:27,2025-12-13 15:00:00,2025-12-13 19:30:00,266217,50,37,0.74,5,1,15,12.222604166666667,4.5
E0274,Sport,Kafarsoseh,2025-12-10 08:56:27,2025-12-13 21:00:00,2025-12-13 23:30:00,40000,150,93,0.62,5,1,21,3.5024652777777776,2.5
E0198,Sport,jesr abiad,2025-12-16 11:23:38,2025-12-17 15:30:00,2025-12-17 18:00:00,40000,130,79,0.6076923076923076,2,0,15,1.171087962962963,2.5
E0412,Camping,Lattakia,2025-11-28 14:52:16,2025-12-19 14:00:00,2025-12-26 14:00:00,320000,220,220,1.0,4,1,14,20.963703703703704,168.0
E0319,Play,abu rummaneh,2025-12-16 10:46:32,2025-12-19 15:30:00,2025-12-19 18:30:00,20000,310,252,0.8129032258064516,4,1,15,3.196851851851852,3.0
E0275,Sport,rawdah,2025-12-15 17:53:13,2025-12-21 21:00:00,2025-12-21 23:00:00,40000,100,51,0.51,6,0,21,6.129710648148148,2.0
E0066,IT,Mazraa,2025-12-03 11:47:45,2025-12-22 18:30:00,2025-12-22 23:30:00,20000,190,190,1.0,0,0,18,19.279340277777777,5.0
E0363,Cycling,abu rummaneh,2025-12-23 14:08:20,2025-12-24 21:30:00,2025-12-25 03:30:00,50000,60,34,0.5666666666666667,2,0,21,1.306712962962963,6.0
E0137,IT,abu rummaneh,2025-12-20 21:40:32,2025-12-25 13:30:00,2025-12-25 19:00:00,0,210,171,0.8142857142857143,3,0,13,4.659351851851852,5.5
E0455,Camping,Tartus,2025-12-03 13:23:28,2025-12-26 16:30:00,2025-12-30 16:30:00,295000,200,199,0.995,4,1,16,23.129537037037036,96.0
E0243,Cycling,rawdah,2025-12-26 11:47:52,2025-12-29 15:00:00,2025-12-29 20:30:00,50000,40,38,0.95,0,0,15,3.133425925925926,5.5
E4881,IT,muhajreen,2026-01-03 20:20:04,2026-01-09 11:00:00,2026-01-09 17:00:00,0,210,190,0.9047619047619048,4,1,11,5.611064814814815,6.0
E5119,IT,midan,2026-01-18 21:55:28,2026-01-22 13:00:00,2026-01-22 18:00:00,0,190,180,0.9473684210526315,3,0,13,3.6281481481481483,5.0
E1151,Comedy,abu rummaneh,2026-02-06 21:47:18,2026-02-10 16:00:00,2026-02-10 20:00:00,50000,60,48,0.8,1,0,16,3.7588194444444443,4.0
